{"type":"FeatureCollection","features":[{"type":"Feature","geometry":{"type":"Polygon","coordinates":[[[-51.059,-21.399],[-51.087,-21.431],[-51.109,-21.529],[-51.105,-21.564],[-51.08,-21.615],[-51.11,-21.647],[-51.162,-21.661],[-51.177,-21.692],[-51.092,-21.766],[-51.077,-21.723],[-51.04,-21.705],[-51.034,-21.65],[-50.978,-21.591],[-50.967,-21.543],[-50.966,-21.484],[-50.993,-21.437],[-51.059,-21.399]]]},"properties":{"codarea":"3500105"}},{"type":"Feature","geometry":{"type":"Polygon","coordinates":[[[-49.572,-21.271],[-49.612,-21.261],[-49.609,-21.208],[-49.684,-21.204],[-49.681,-21.223],[-49.726,-21.256],[-49.711,-21.288],[-49.746,-21.297],[-49.728,-21.345],[-49.697,-21.363],[-49.628,-21.354],[-49.587,-21.362],[-49.572,-21.271]]]},"properties":{"codarea":"3500204"}},{"type":"Feature","geometry":{"type":"Polygon","coordinates":[[[-46.982,-21.968],[-47.038,-21.991],[-47.107,-21.976],[-47.158,-21.984],[-47.196,-21.974],[-47.216,-21.976],[-47.202,-22.034],[-47.234,-22.057],[-47.197,-22.099],[-47.148,-22.109],[-47.1,-22.067],[-47.046,-22.116],[-47.017,-22.115],[-46.937,-22.146],[-46.875,-22.113],[-46.892,-22.086],[-46.861,-22.05],[-46.903,-22.006],[-46.931,-22.011],[-46.94,-21.978],[-46.982,-21.968]]]},"properties":{"codarea":"3500303"}},{"type":"Feature","geometry":{"type":"Polygon","coordinates":[[[-46.758,-21.847],[-46.732,-21.874],[-46.735,-21.93],[-46.702,-21.978],[-46.65,-22.009],[-46.618,-21.995],[-46.643,-21.977],[-46.674,-21.911],[-46.648,-21.881],[-46.666,-21.848],[-46.691,-21.838],[-46.721,-21.821],[-46.751,-21.834],[-46.758,-21.847]]]},"properties":{"codarea":"3500402"}},{"type":"Feature","geometry":{"type":"Polygon","coordinates":[[[-46.658,-22.473],[-46.628,-22.51],[-46.599,-22.515],[-46.55,-22.47],[-46.555,-22.447],[-46.616,-22.439],[-46.658,-22.473]]]},"properties":{"codarea":"3500501"}},{"type":"Feature","geometry":{"type":"Polygon","coordinates":[[[-49.183,-22.724],[-49.227,-22.76],[-49.249,-22.749],[-49.28,-22.772],[-49.325,-22.764],[-49.376,-22.777],[-49.37,-22.883],[-49.309,-22.898],[-49.292,-22.93],[-49.304,-22.953],[-49.256,-22.976],[-49.246,-23.012],[-49.222,-23.037],[-49.216,-22.977],[-49.172,-22.94],[-49.172,-22.909],[-49.21,-22.87],[-49.178,-22.838],[-49.173,-22.772],[-49.183,-22.724]]]},"properties":{"codarea":"3500550"}},{"type":"Feature","geometry":{"type":"Polygon","coordinates":[[[-47.872,-22.607],[-47.861,-22.603],[-47.874,-22.592],[-47.888,-22.593],[-47.872,-22.607]]]},"properties":{"codarea":"3500600"}},{"type":"Feature","geometry":{"type":"Polygon","coordinates":[[[-48.934,-22.341],[-48.996,-22.384],[-49.063,-22.402],[-49.08,-22.417],[-49.066,-22.442],[-49.099,-22.508],[-49.151,-22.52],[-49.179,-22.579],[-49.276,-22.596],[-49.314,-22.633],[-49.351,-22.643],[-49.34,-22.666],[-49.38,-22.734],[-49.376,-22.777],[-49.325,-22.764],[-49.28,-22.772],[-49.249,-22.749],[-49.227,-22.76],[-49.183,-22.724],[-49.151,-22.684],[-49.095,-22.667],[-49.016,-22.631],[-49.0,-22.577],[-49.002,-22.547],[-48.932,-22.53],[-48.861,-22.484],[-48.855,-22.409],[-48.881,-22.384],[-48.915,-22.398],[-48.911,-22.338],[-48.934,-22.341]]]},"properties":{"codarea":"3500709"}},{"type":"Feature","geometry":{"type":"Polygon","coordinates":[[[-47.807,-23.489],[-47.841,-23.51],[-47.967,-23.522],[-47.934,-23.561],[-47.933,-23.605],[-47.91,-23.606],[-47.81,-23.587],[-47.78,-23.532],[-47.807,-23.489]]]},"properties":{"codarea":"3500758"}},{"type":"Feature","geometry":{"type":"Polygon","coordinates":[[[-51.468,-21.959],[-51.422,-22.0],[-51.393,-22.001],[-51.368,-21.951],[-51.33,-21.917],[-51.326,-21.872],[-51.386,-21.887],[-51.424,-21.877],[-51.422,-21.921],[-51.468,-21.959]]]},"properties":{"codarea":"3500808"}},{"type":"Feature","geometry":{"type":"Polygon","coordinates":[[[-48.99,-20.582],[-49.015,-20.57],[-49.011,-20.512],[-49.089,-20.419],[-49.124,-20.458],[-49.176,-20.474],[-49.22,-20.472],[-49.2,-20.536],[-49.176,-20.546],[-49.131,-20.595],[-49.119,-20.604],[-49.05,-20.628],[-49.015,-20.65],[-48.99,-20.582]]]},"properties":{"codarea":"3500907"}},{"type":"Feature","geometry":{"type":"Polygon","coordinates":[[[-47.309,-21.102],[-47.232,-21.079],[-47.254,-21.008],[-47.247,-20.987],[-47.194,-20.969],[-47.181,-20.954],[-47.24,-20.885],[-47.227,-20.857],[-47.246,-20.865],[-47.289,-20.837],[-47.327,-20.859],[-47.343,-20.83],[-47.412,-20.809],[-47.407,-20.872],[-47.437,-20.918],[-47.44,-20.96],[-47.488,-20.998],[-47.503,-21.023],[-47.541,-21.035],[-47.518,-21.098],[-47.559,-21.108],[-47.628,-21.148],[-47.611,-21.182],[-47.583,-21.173],[-47.528,-21.201],[-47.502,-21.208],[-47.478,-21.205],[-47.472,-21.183],[-47.389,-21.138],[-47.35,-21.136],[-47.309,-21.102]]]},"properties":{"codarea":"3501004"}},{"type":"Feature","geometry":{"type":"Polygon","coordinates":[[[-50.061,-21.584],[-50.107,-21.589],[-50.104,-21.558],[-50.145,-21.551],[-50.147,-21.528],[-50.24,-21.536],[-50.274,-21.559],[-50.296,-21.573],[-50.3,-21.625],[-50.26,-21.661],[-50.246,-21.697],[-50.159,-21.682],[-50.108,-21.684],[-50.1,-21.621],[-50.061,-21.584]]]},"properties":{"codarea":"3501103"}},{"type":"Feature","geometry":{"type":"Polygon","coordinates":[[[-47.317,-23.463],[-47.324,-23.514],[-47.303,-23.524],[-47.307,-23.561],[-47.297,-23.604],[-47.277,-23.597],[-47.24,-23.561],[-47.23,-23.513],[-47.282,-23.477],[-47.317,-23.463]]]},"properties":{"codarea":"3501152"}},{"type":"Feature","geometry":{"type":"Polygon","coordinates":[[[-50.008,-20.332],[-49.952,-20.36],[-49.938,-20.391],[-49.892,-20.396],[-49.852,-20.417],[-49.803,-20.385],[-49.81,-20.366],[-49.852,-20.353],[-49.867,-20.297],[-49.843,-20.212],[-49.812,-20.195],[-49.827,-20.187],[-49.921,-20.215],[-49.942,-20.175],[-49.992,-20.186],[-50.028,-20.182],[-50.002,-20.279],[-50.008,-20.332]]]},"properties":{"codarea":"3501202"}},{"type":"Feature","geometry":{"type":"Polygon","coordinates":[[[-51.476,-22.198],[-51.484,-22.124],[-51.448,-22.112],[-51.412,-22.067],[-51.418,-22.046],[-51.393,-22.001],[-51.422,-22.0],[-51.468,-21.959],[-51.475,-21.952],[-51.528,-22.09],[-51.565,-22.107],[-51.605,-22.152],[-51.621,-22.285],[-51.6,-22.281],[-51.57,-22.261],[-51.513,-22.251],[-51.476,-22.198]]]},"properties":{"codarea":"3501301"}},{"type":"Feature","geometry":{"type":"Polygon","coordinates":[[[-49.825,-22.113],[-49.761,-22.11],[-49.707,-22.142],[-49.646,-22.123],[-49.634,-22.076],[-49.696,-22.044],[-49.741,-22.026],[-49.768,-22.047],[-49.82,-22.064],[-49.849,-22.097],[-49.825,-22.113]]]},"properties":{"codarea":"3501400"}},{"type":"Feature","geometry":{"type":"Polygon","coordinates":[[[-49.736,-22.382],[-49.773,-22.43],[-49.796,-22.438],[-49.818,-22.526],[-49.772,-22.501],[-49.704,-22.439],[-49.729,-22.377],[-49.736,-22.382]]]},"properties":{"codarea":"3501509"}},{"type":"Feature","geometry":{"type":"Polygon","coordinates":[[[-47.351,-22.785],[-47.288,-22.754],[-47.268,-22.767],[-47.211,-22.743],[-47.194,-22.73],[-47.204,-22.698],[-47.279,-22.663],[-47.335,-22.713],[-47.36,-22.688],[-47.388,-22.699],[-47.355,-22.735],[-47.351,-22.785]]]},"properties":{"codarea":"3501608"}},{"type":"Feature","geometry":{"type":"Polygon","coordinates":[[[-47.91,-21.678],[-47.944,-21.689],[-48.037,-21.695],[-48.095,-21.715],[-48.146,-21.702],[-48.145,-21.72],[-48.102,-21.77],[-48.044,-21.758],[-48.028,-21.741],[-47.968,-21.742],[-47.923,-21.72],[-47.91,-21.678]]]},"properties":{"codarea":"3501707"}},{"type":"Feature","geometry":{"type":"Polygon","coordinates":[[[-49.687,-20.201],[-49.725,-20.229],[-49.764,-20.272],[-49.821,-20.283],[-49.8,-20.236],[-49.812,-20.195],[-49.843,-20.212],[-49.867,-20.297],[-49.852,-20.353],[-49.81,-20.366],[-49.803,-20.385],[-49.769,-20.378],[-49.752,-20.356],[-49.694,-20.317],[-49.678,-20.282],[-49.648,-20.26],[-49.687,-20.224],[-49.687,-20.201]]]},"properties":{"codarea":"3501806"}},{"type":"Feature","geometry":{"type":"Polygon","coordinates":[[[-46.837,-22.843],[-46.798,-22.834],[-46.761,-22.848],[-46.708,-22.779],[-46.683,-22.737],[-46.728,-22.682],[-46.728,-22.655],[-46.766,-22.604],[-46.757,-22.57],[-46.798,-22.541],[-46.833,-22.579],[-46.869,-22.584],[-46.864,-22.602],[-46.899,-22.628],[-46.898,-22.657],[-46.931,-22.682],[-46.887,-22.686],[-46.835,-22.776],[-46.837,-22.843]]]},"properties":{"codarea":"3501905"}},{"type":"Feature","geometry":{"type":"Polygon","coordinates":[[[-47.713,-22.24],[-47.707,-22.211],[-47.675,-22.194],[-47.599,-22.179],[-47.59,-22.152],[-47.55,-22.151],[-47.578,-22.089],[-47.627,-22.044],[-47.658,-22.052],[-47.676,-22.014],[-47.726,-22.041],[-47.752,-22.089],[-47.789,-22.098],[-47.8,-22.128],[-47.76,-22.163],[-47.713,-22.24]]]},"properties":{"codarea":"3502002"}},{"type":"Feature","geometry":{"type":"Polygon","coordinates":[[[-51.419,-20.681],[-51.448,-20.771],[-51.452,-20.891],[-51.477,-20.968],[-51.466,-20.995],[-51.476,-21.05],[-51.444,-21.081],[-51.402,-21.075],[-51.344,-20.982],[-51.306,-20.976],[-51.283,-20.919],[-51.291,-20.869],[-51.242,-20.858],[-51.188,-20.864],[-51.143,-20.855],[-51.135,-20.794],[-51.168,-20.723],[-51.199,-20.686],[-51.2,-20.651],[-51.233,-20.646],[-51.315,-20.674],[-51.343,-20.682],[-51.372,-20.69],[-51.419,-20.681]]]},"properties":{"codarea":"3502101"}},{"type":"Feature","geometry":{"type":"Polygon","coordinates":[[[-48.535,-23.541],[-48.52,-23.509],[-48.469,-23.529],[-48.414,-23.535],[-48.398,-23.577],[-48.397,-23.618],[-48.371,-23.631],[-48.38,-23.578],[-48.343,-23.575],[-48.304,-23.59],[-48.275,-23.572],[-48.237,-23.519],[-48.193,-23.49],[-48.262,-23.467],[-48.308,-23.417],[-48.332,-23.424],[-48.37,-23.408],[-48.356,-23.375],[-48.38,-23.316],[-48.36,-23.303],[-48.492,-23.261],[-48.554,-23.279],[-48.593,-23.315],[-48.648,-23.329],[-48.628,-23.356],[-48.633,-23.398],[-48.653,-23.429],[-48.643,-23.472],[-48.624,-23.482],[-48.637,-23.526],[-48.609,-23.582],[-48.577,-23.576],[-48.535,-23.541]]]},"properties":{"codarea":"3502200"}},{"type":"Feature","geometry":{"type":"Polygon","coordinates":[[[-48.246,-22.619],[-48.248,-22.733],[-48.264,-22.767],[-48.26,-22.866],[-48.293,-22.877],[-48.302,-22.914],[-48.291,-22.958],[-48.24,-22.974],[-48.218,-22.994],[-48.138,-22.965],[-48.123,-22.93],[-48.139,-22.917],[-48.132,-22.881],[-48.105,-22.829],[-48.047,-22.832],[-48.032,-22.826],[-48.032,-22.719],[-48.072,-22.736],[-48.099,-22.688],[-48.089,-22.652],[-48.096,-22.623],[-48.156,-22.638],[-48.214,-22.615],[-48.246,-22.619]]]},"properties":{"codarea":"3502309"}},{"type":"Feature","geometry":{"type":"Polygon","coordinates":[[[-51.352,-22.324],[-51.356,-22.259],[-51.399,-22.203],[-51.434,-22.206],[-51.413,-22.245],[-51.45,-22.274],[-51.461,-22.308],[-51.493,-22.362],[-51.52,-22.459],[-51.467,-22.485],[-51.453,-22.516],[-51.413,-22.473],[-51.393,-22.41],[-51.349,-22.349],[-51.352,-22.324]]]},"properties":{"codarea":"3502408"}},{"type":"Feature","geometry":{"type":"Polygon","coordinates":[[[-45.234,-23.001],[-45.195,-22.977],[-45.212,-22.942],[-45.2,-22.841],[-45.237,-22.824],[-45.278,-22.852],[-45.255,-22.897],[-45.278,-22.932],[-45.258,-23.008],[-45.234,-23.001]]]},"properties":{"codarea":"3502507"}},{"type":"Feature","geometry":{"type":"Polygon","coordinates":[[[-50.991,-20.432],[-50.982,-20.497],[-50.966,-20.549],[-50.873,-20.542],[-50.863,-20.526],[-50.858,-20.439],[-50.839,-20.412],[-50.844,-20.415],[-50.881,-20.423],[-50.967,-20.4],[-50.97,-20.403],[-50.991,-20.432]]]},"properties":{"codarea":"3502606"}},{"type":"Feature","geometry":{"type":"Polygon","coordinates":[[[-48.789,-24.558],[-48.688,-24.501],[-48.655,-24.456],[-48.613,-24.453],[-48.586,-24.435],[-48.55,-24.441],[-48.492,-24.378],[-48.514,-24.338],[-48.589,-24.342],[-48.605,-24.332],[-48.645,-24.332],[-48.69,-24.391],[-48.782,-24.358],[-48.866,-24.344],[-48.883,-24.331],[-48.949,-24.329],[-48.987,-24.312],[-49.063,-24.243],[-49.108,-24.251],[-49.075,-24.284],[-49.093,-24.319],[-49.12,-24.33],[-49.058,-24.375],[-49.023,-24.376],[-48.952,-24.453],[-48.942,-24.485],[-48.982,-24.524],[-48.979,-24.535],[-48.901,-24.556],[-48.887,-24.586],[-48.789,-24.558]]]},"properties":{"codarea":"3502705"}},{"type":"Feature","geometry":{"type":"Polygon","coordinates":[[[-47.138,-23.412],[-47.141,-23.448],[-47.121,-23.481],[-47.067,-23.478],[-47.044,-23.516],[-46.995,-23.507],[-47.038,-23.436],[-47.031,-23.372],[-47.043,-23.352],[-47.133,-23.381],[-47.138,-23.412]]]},"properties":{"codarea":"3502754"}},{"type":"Feature","geometry":{"type":"Polygon","coordinates":[[[-50.466,-21.308],[-50.467,-21.297],[-50.39,-21.252],[-50.404,-21.233],[-50.38,-21.154],[-50.356,-21.126],[-50.347,-21.06],[-50.358,-21.044],[-50.395,-21.063],[-50.425,-21.035],[-50.456,-21.045],[-50.526,-21.033],[-50.573,-20.977],[-50.613,-20.968],[-50.678,-20.892],[-50.763,-20.892],[-50.867,-20.831],[-50.864,-20.845],[-50.9,-20.91],[-50.85,-20.936],[-50.798,-20.963],[-50.797,-20.985],[-50.695,-21.032],[-50.641,-21.047],[-50.639,-21.071],[-50.572,-21.192],[-50.545,-21.252],[-50.573,-21.296],[-50.603,-21.365],[-50.604,-21.416],[-50.622,-21.452],[-50.582,-21.442],[-50.554,-21.45],[-50.523,-21.39],[-50.484,-21.351],[-50.466,-21.308]]]},"properties":{"codarea":"3502804"}},{"type":"Feature","geometry":{"type":"Polygon","coordinates":[[[-47.556,-23.573],[-47.552,-23.488],[-47.565,-23.468],[-47.606,-23.471],[-47.651,-23.459],[-47.697,-23.494],[-47.718,-23.534],[-47.761,-23.561],[-47.764,-23.589],[-47.706,-23.629],[-47.669,-23.631],[-47.641,-23.616],[-47.623,-23.572],[-47.582,-23.585],[-47.556,-23.573]]]},"properties":{"codarea":"3502903"}},{"type":"Feature","geometry":{"type":"Polygon","coordinates":[[[-47.742,-20.152],[-47.739,-20.128],[-47.785,-20.069],[-47.87,-20.076],[-47.899,-20.126],[-47.889,-20.156],[-47.857,-20.194],[-47.86,-20.224],[-47.837,-20.242],[-47.791,-20.224],[-47.794,-20.2],[-47.742,-20.152]]]},"properties":{"codarea":"3503000"}},{"type":"Feature","geometry":{"type":"Polygon","coordinates":[[[-49.013,-23.262],[-48.989,-23.225],[-48.979,-23.144],[-48.993,-23.087],[-49.068,-23.093],[-49.122,-23.097],[-49.143,-23.159],[-49.151,-23.26],[-49.09,-23.266],[-49.013,-23.262]]]},"properties":{"codarea":"3503109"}},{"type":"Feature","geometry":{"type":"Polygon","coordinates":[[[-44.466,-22.616],[-44.453,-22.646],[-44.474,-22.686],[-44.521,-22.716],[-44.533,-22.741],[-44.508,-22.769],[-44.48,-22.741],[-44.413,-22.725],[-44.361,-22.612],[-44.382,-22.573],[-44.406,-22.599],[-44.466,-22.616]]]},"properties":{"codarea":"3503158"}},{"type":"Feature","geometry":{"type":"Polygon","coordinates":[[[-48.254,-21.893],[-48.23,-21.925],[-48.202,-21.933],[-48.188,-21.966],[-48.166,-21.972],[-48.103,-21.952],[-48.07,-21.953],[-48.04,-21.873],[-48.013,-21.887],[-47.979,-21.87],[-47.991,-21.848],[-47.969,-21.82],[-47.947,-21.783],[-47.968,-21.742],[-48.028,-21.741],[-48.044,-21.758],[-48.102,-21.77],[-48.145,-21.72],[-48.146,-21.702],[-48.181,-21.684],[-48.17,-21.654],[-48.166,-21.606],[-48.192,-21.618],[-48.26,-21.539],[-48.285,-21.597],[-48.272,-21.645],[-48.306,-21.691],[-48.331,-21.697],[-48.343,-21.747],[-48.361,-21.754],[-48.368,-21.797],[-48.397,-21.854],[-48.345,-21.853],[-48.313,-21.868],[-48.263,-21.872],[-48.254,-21.893]]]},"properties":{"codarea":"3503208"}},{"type":"Feature","geometry":{"type":"Polygon","coordinates":[[[-47.467,-22.419],[-47.383,-22.445],[-47.366,-22.459],[-47.302,-22.445],[-47.253,-22.477],[-47.212,-22.431],[-47.189,-22.433],[-47.175,-22.41],[-47.21,-22.322],[-47.184,-22.292],[-47.23,-22.257],[-47.224,-22.206],[-47.262,-22.226],[-47.304,-22.229],[-47.347,-22.247],[-47.362,-22.236],[-47.404,-22.265],[-47.447,-22.265],[-47.47,-22.245],[-47.462,-22.311],[-47.483,-22.377],[-47.467,-22.413],[-47.467,-22.419]]]},"properties":{"codarea":"3503307"}},{"type":"Feature","geometry":{"type":"Polygon","coordinates":[[[-50.309,-21.715],[-50.361,-21.724],[-50.4,-21.717],[-50.454,-21.688],[-50.496,-21.715],[-50.517,-21.71],[-50.54,-21.815],[-50.495,-21.849],[-50.426,-21.804],[-50.362,-21.828],[-50.338,-21.806],[-50.329,-21.755],[-50.309,-21.715]]]},"properties":{"codarea":"3503356"}},{"type":"Feature","geometry":{"type":"Polygon","coordinates":[[[-48.903,-21.933],[-48.961,-21.963],[-48.966,-21.982],[-49.024,-22.016],[-49.053,-22.004],[-49.107,-22.023],[-49.134,-22.05],[-49.131,-22.062],[-49.109,-22.105],[-49.07,-22.129],[-49.07,-22.167],[-49.034,-22.207],[-48.992,-22.217],[-48.917,-22.147],[-48.908,-22.125],[-48.861,-22.091],[-48.856,-22.034],[-48.867,-22.024],[-48.888,-22.006],[-48.862,-21.959],[-48.903,-21.933]]]},"properties":{"codarea":"3503406"}},{"type":"Feature","geometry":{"type":"Polygon","coordinates":[[[-44.754,-22.789],[-44.705,-22.803],[-44.724,-22.833],[-44.67,-22.821],[-44.65,-22.798],[-44.652,-22.757],[-44.672,-22.728],[-44.686,-22.641],[-44.646,-22.604],[-44.644,-22.556],[-44.668,-22.554],[-44.688,-22.521],[-44.716,-22.539],[-44.733,-22.575],[-44.79,-22.587],[-44.817,-22.614],[-44.779,-22.606],[-44.761,-22.648],[-44.773,-22.705],[-44.746,-22.77],[-44.754,-22.789]]]},"properties":{"codarea":"3503505"}},{"type":"Feature","geometry":{"type":"Polygon","coordinates":[[[-48.689,-22.694],[-48.644,-22.689],[-48.608,-22.656],[-48.625,-22.612],[-48.65,-22.589],[-48.645,-22.537],[-48.653,-22.532],[-48.674,-22.552],[-48.683,-22.585],[-48.665,-22.623],[-48.689,-22.647],[-48.689,-22.694]]]},"properties":{"codarea":"3503604"}},{"type":"Feature","geometry":{"type":"Polygon","coordinates":[[[-48.845,-21.219],[-48.815,-21.215],[-48.741,-21.246],[-48.696,-21.221],[-48.707,-21.207],[-48.729,-21.165],[-48.774,-21.109],[-48.799,-21.15],[-48.847,-21.137],[-48.859,-21.161],[-48.845,-21.219]]]},"properties":{"codarea":"3503703"}},{"type":"Feature","geometry":{"type":"Polygon","coordinates":[[[-47.227,-22.57],[-47.211,-22.602],[-47.128,-22.613],[-47.097,-22.635],[-47.087,-22.588],[-47.055,-22.571],[-47.053,-22.517],[-47.086,-22.474],[-47.096,-22.508],[-47.124,-22.526],[-47.169,-22.517],[-47.237,-22.521],[-47.212,-22.538],[-47.227,-22.57]]]},"properties":{"codarea":"3503802"}},{"type":"Feature","geometry":{"type":"Polygon","coordinates":[[[-46.248,-23.406],[-46.294,-23.369],[-46.305,-23.322],[-46.337,-23.335],[-46.37,-23.365],[-46.378,-23.401],[-46.358,-23.437],[-46.349,-23.42],[-46.271,-23.43],[-46.248,-23.406]]]},"properties":{"codarea":"3503901"}},{"type":"Feature","geometry":{"type":"Polygon","coordinates":[[[-50.704,-20.13],[-50.744,-20.135],[-50.76,-20.165],[-50.776,-20.229],[-50.748,-20.234],[-50.712,-20.2],[-50.683,-20.193],[-50.682,-20.157],[-50.704,-20.13]]]},"properties":{"codarea":"3503950"}},{"type":"Feature","geometry":{"type":"Polygon","coordinates":[[[-50.508,-22.703],[-50.482,-22.696],[-50.402,-22.705],[-50.325,-22.677],[-50.31,-22.598],[-50.319,-22.555],[-50.301,-22.546],[-50.328,-22.526],[-50.35,-22.479],[-50.398,-22.445],[-50.45,-22.459],[-50.414,-22.517],[-50.46,-22.53],[-50.459,-22.551],[-50.514,-22.604],[-50.573,-22.643],[-50.572,-22.692],[-50.535,-22.709],[-50.508,-22.703]]]},"properties":{"codarea":"3504008"}},{"type":"Feature","geometry":{"type":"Polygon","coordinates":[[[-46.509,-23.233],[-46.543,-23.208],[-46.483,-23.112],[-46.444,-23.093],[-46.432,-23.038],[-46.465,-23.052],[-46.48,-23.031],[-46.537,-23.026],[-46.568,-23.043],[-46.587,-23.018],[-46.637,-23.018],[-46.663,-22.998],[-46.696,-23.011],[-46.676,-23.041],[-46.686,-23.067],[-46.67,-23.142],[-46.654,-23.164],[-46.67,-23.207],[-46.711,-23.212],[-46.704,-23.252],[-46.638,-23.258],[-46.637,-23.258],[-46.615,-23.227],[-46.545,-23.241],[-46.515,-23.238],[-46.509,-23.233]]]},"properties":{"codarea":"3504107"}},{"type":"Feature","geometry":{"type":"Polygon","coordinates":[[[-50.506,-20.762],[-50.502,-20.724],[-50.477,-20.688],[-50.48,-20.654],[-50.511,-20.623],[-50.507,-20.588],[-50.519,-20.537],[-50.554,-20.528],[-50.625,-20.508],[-50.656,-20.517],[-50.679,-20.53],[-50.677,-20.57],[-50.617,-20.659],[-50.664,-20.706],[-50.685,-20.708],[-50.683,-20.733],[-50.602,-20.773],[-50.506,-20.762]]]},"properties":{"codarea":"3504206"}},{"type":"Feature","geometry":{"type":"Polygon","coordinates":[[[-49.423,-22.294],[-49.408,-22.319],[-49.324,-22.321],[-49.285,-22.345],[-49.291,-22.317],[-49.259,-22.242],[-49.231,-22.223],[-49.215,-22.189],[-49.206,-22.107],[-49.161,-22.066],[-49.25,-22.044],[-49.294,-22.053],[-49.355,-22.09],[-49.375,-22.134],[-49.401,-22.143],[-49.437,-22.219],[-49.459,-22.241],[-49.423,-22.294]]]},"properties":{"codarea":"3504305"}},{"type":"Feature","geometry":{"type":"Polygon","coordinates":[[[-49.978,-21.35],[-49.98,-21.378],[-50.005,-21.424],[-50.004,-21.465],[-49.987,-21.487],[-50.061,-21.584],[-49.994,-21.591],[-49.916,-21.558],[-49.909,-21.505],[-49.872,-21.469],[-49.861,-21.43],[-49.869,-21.393],[-49.843,-21.355],[-49.884,-21.337],[-49.978,-21.35]]]},"properties":{"codarea":"3504404"}},{"type":"Feature","geometry":{"type":"Polygon","coordinates":[[[-48.774,-23.302],[-48.772,-23.266],[-48.746,-23.251],[-48.734,-23.148],[-48.751,-23.114],[-48.741,-23.09],[-48.778,-23.047],[-48.761,-22.993],[-48.778,-22.965],[-48.852,-22.932],[-48.829,-22.892],[-48.799,-22.873],[-48.803,-22.845],[-48.88,-22.852],[-48.948,-22.826],[-48.983,-22.84],[-49.005,-22.887],[-48.981,-22.902],[-49.033,-22.959],[-49.081,-23.064],[-49.068,-23.093],[-48.993,-23.087],[-48.979,-23.144],[-48.989,-23.225],[-49.013,-23.262],[-48.985,-23.288],[-48.929,-23.299],[-48.883,-23.281],[-48.848,-23.283],[-48.809,-23.268],[-48.774,-23.302]]]},"properties":{"codarea":"3504503"}},{"type":"Feature","geometry":{"type":"Polygon","coordinates":[[[-49.507,-20.945],[-49.482,-20.949],[-49.446,-20.985],[-49.375,-20.96],[-49.346,-20.932],[-49.404,-20.907],[-49.437,-20.879],[-49.509,-20.903],[-49.507,-20.945]]]},"properties":{"codarea":"3504602"}},{"type":"Feature","geometry":{"type":"Polygon","coordinates":[[[-49.285,-21.86],[-49.34,-21.838],[-49.383,-21.886],[-49.388,-21.936],[-49.317,-21.937],[-49.27,-21.875],[-49.285,-21.86]]]},"properties":{"codarea":"3504701"}},{"type":"Feature","geometry":{"type":"Polygon","coordinates":[[[-49.544,-20.617],[-49.58,-20.662],[-49.605,-20.707],[-49.626,-20.758],[-49.576,-20.789],[-49.547,-20.764],[-49.495,-20.739],[-49.484,-20.694],[-49.49,-20.666],[-49.531,-20.653],[-49.544,-20.617]]]},"properties":{"codarea":"3504800"}},{"type":"Feature","geometry":{"type":"Polygon","coordinates":[[[-44.166,-22.673],[-44.184,-22.637],[-44.246,-22.606],[-44.342,-22.589],[-44.361,-22.612],[-44.413,-22.725],[-44.48,-22.741],[-44.508,-22.769],[-44.467,-22.782],[-44.496,-22.809],[-44.495,-22.847],[-44.467,-22.885],[-44.423,-22.851],[-44.381,-22.858],[-44.318,-22.845],[-44.268,-22.829],[-44.24,-22.791],[-44.258,-22.767],[-44.227,-22.734],[-44.174,-22.702],[-44.166,-22.673]]]},"properties":{"codarea":"3504909"}},{"type":"Feature","geometry":{"type":"Polygon","coordinates":[[[-49.624,-23.523],[-49.6,-23.536],[-49.603,-23.584],[-49.621,-23.611],[-49.602,-23.652],[-49.575,-23.676],[-49.539,-23.653],[-49.496,-23.652],[-49.555,-23.541],[-49.567,-23.494],[-49.598,-23.458],[-49.621,-23.493],[-49.624,-23.523]]]},"properties":{"codarea":"3505005"}},{"type":"Feature","geometry":{"type":"Polygon","coordinates":[[[-49.978,-21.35],[-49.884,-21.337],[-49.843,-21.355],[-49.818,-21.303],[-49.832,-21.275],[-49.856,-21.26],[-49.915,-21.238],[-49.992,-21.227],[-50.025,-21.273],[-49.986,-21.319],[-49.978,-21.35]]]},"properties":{"codarea":"3505104"}},{"type":"Feature","geometry":{"type":"Polygon","coordinates":[[[-48.715,-22.18],[-48.674,-22.193],[-48.633,-22.167],[-48.644,-22.117],[-48.615,-22.089],[-48.607,-21.988],[-48.642,-21.97],[-48.679,-21.929],[-48.722,-21.983],[-48.773,-22.021],[-48.833,-22.013],[-48.867,-22.024],[-48.856,-22.034],[-48.861,-22.091],[-48.844,-22.129],[-48.818,-22.107],[-48.794,-22.125],[-48.767,-22.105],[-48.754,-22.154],[-48.715,-22.18]]]},"properties":{"codarea":"3505203"}},{"type":"Feature","geometry":{"type":"Polygon","coordinates":[[[-48.642,-22.482],[-48.621,-22.502],[-48.56,-22.5],[-48.49,-22.546],[-48.452,-22.539],[-48.448,-22.523],[-48.51,-22.436],[-48.586,-22.412],[-48.602,-22.442],[-48.642,-22.482]]]},"properties":{"codarea":"3505302"}},{"type":"Feature","geometry":{"type":"Polygon","coordinates":[[[-48.982,-24.524],[-48.942,-24.485],[-48.952,-24.453],[-49.023,-24.376],[-49.058,-24.375],[-49.12,-24.33],[-49.187,-24.376],[-49.254,-24.405],[-49.252,-24.434],[-49.251,-24.445],[-49.206,-24.41],[-49.193,-24.446],[-49.123,-24.495],[-49.132,-24.538],[-49.055,-24.554],[-48.982,-24.524]]]},"properties":{"codarea":"3505351"}},{"type":"Feature","geometry":{"type":"Polygon","coordinates":[[[-48.465,-24.66],[-48.529,-24.688],[-48.538,-24.726],[-48.502,-24.746],[-48.518,-24.781],[-48.556,-24.806],[-48.568,-24.849],[-48.55,-24.867],[-48.566,-24.917],[-48.567,-24.972],[-48.598,-25.003],[-48.58,-25.053],[-48.556,-25.084],[-48.53,-25.101],[-48.481,-25.037],[-48.474,-25.013],[-48.412,-24.98],[-48.38,-24.996],[-48.351,-25.037],[-48.285,-25.039],[-48.27,-24.997],[-48.24,-24.991],[-48.211,-24.957],[-48.211,-24.907],[-48.283,-24.879],[-48.31,-24.825],[-48.296,-24.801],[-48.341,-24.802],[-48.378,-24.767],[-48.444,-24.652],[-48.465,-24.66]]]},"properties":{"codarea":"3505401"}},{"type":"Feature","geometry":{"type":"Polygon","coordinates":[[[-48.51,-20.299],[-48.56,-20.298],[-48.587,-20.328],[-48.622,-20.32],[-48.682,-20.362],[-48.715,-20.358],[-48.736,-20.377],[-48.836,-20.383],[-48.867,-20.399],[-48.886,-20.437],[-48.887,-20.49],[-48.852,-20.545],[-48.831,-20.571],[-48.846,-20.625],[-48.841,-20.652],[-48.805,-20.653],[-48.787,-20.689],[-48.792,-20.725],[-48.754,-20.743],[-48.662,-20.689],[-48.595,-20.697],[-48.566,-20.654],[-48.526,-20.635],[-48.478,-20.583],[-48.432,-20.561],[-48.41,-20.576],[-48.345,-20.575],[-48.384,-20.537],[-48.404,-20.525],[-48.447,-20.46],[-48.478,-20.428],[-48.482,-20.351],[-48.51,-20.299]]]},"properties":{"codarea":"3505500"}},{"type":"Feature","geometry":{"type":"Polygon","coordinates":[[[-48.169,-21.161],[-48.171,-21.216],[-48.136,-21.268],[-48.095,-21.262],[-48.059,-21.301],[-47.995,-21.305],[-48.028,-21.277],[-48.052,-21.229],[-48.042,-21.203],[-48.081,-21.184],[-48.113,-21.184],[-48.169,-21.161]]]},"properties":{"codarea":"3505609"}},{"type":"Feature","geometry":{"type":"Polygon","coordinates":[[[-46.801,-23.47],[-46.808,-23.485],[-46.899,-23.491],[-46.953,-23.484],[-46.965,-23.499],[-46.93,-23.513],[-46.861,-23.545],[-46.854,-23.517],[-46.817,-23.521],[-46.8,-23.471],[-46.801,-23.47]]]},"properties":{"codarea":"3505708"}},{"type":"Feature","geometry":{"type":"Polygon","coordinates":[[[-50.865,-21.969],[-50.78,-22.003],[-50.71,-22.015],[-50.665,-21.935],[-50.669,-21.894],[-50.737,-21.878],[-50.774,-21.904],[-50.814,-21.951],[-50.865,-21.969]]]},"properties":{"codarea":"3505807"}},{"type":"Feature","geometry":{"type":"Polygon","coordinates":[[[-47.718,-20.938],[-47.675,-20.936],[-47.607,-20.985],[-47.567,-21.025],[-47.541,-21.035],[-47.503,-21.023],[-47.488,-20.998],[-47.44,-20.96],[-47.437,-20.918],[-47.407,-20.872],[-47.412,-20.809],[-47.453,-20.76],[-47.495,-20.748],[-47.509,-20.725],[-47.567,-20.739],[-47.598,-20.693],[-47.612,-20.7],[-47.651,-20.721],[-47.65,-20.771],[-47.663,-20.82],[-47.718,-20.815],[-47.773,-20.856],[-47.78,-20.894],[-47.766,-20.931],[-47.718,-20.938]]]},"properties":{"codarea":"3505906"}},{"type":"Feature","geometry":{"type":"Polygon","coordinates":[[[-48.934,-22.341],[-49.037,-22.274],[-49.054,-22.238],[-49.034,-22.207],[-49.07,-22.167],[-49.07,-22.129],[-49.109,-22.105],[-49.131,-22.062],[-49.161,-22.066],[-49.206,-22.107],[-49.215,-22.189],[-49.231,-22.223],[-49.259,-22.242],[-49.291,-22.317],[-49.285,-22.345],[-49.258,-22.343],[-49.223,-22.304],[-49.17,-22.345],[-49.131,-22.351],[-49.108,-22.397],[-49.08,-22.417],[-49.063,-22.402],[-48.996,-22.384],[-48.934,-22.341]]]},"properties":{"codarea":"3506003"}},{"type":"Feature","geometry":{"type":"Polygon","coordinates":[[[-48.367,-20.949],[-48.378,-20.905],[-48.409,-20.854],[-48.448,-20.788],[-48.473,-20.8],[-48.549,-20.797],[-48.609,-20.834],[-48.636,-20.819],[-48.633,-20.85],[-48.589,-20.897],[-48.608,-20.948],[-48.633,-20.977],[-48.686,-21.01],[-48.658,-21.031],[-48.615,-21.041],[-48.568,-21.076],[-48.532,-21.09],[-48.492,-21.081],[-48.458,-21.078],[-48.433,-21.037],[-48.378,-21.009],[-48.367,-20.949]]]},"properties":{"codarea":"3506102"}},{"type":"Feature","geometry":{"type":"Polygon","coordinates":[[[-50.795,-21.187],[-50.804,-21.23],[-50.838,-21.236],[-50.903,-21.339],[-50.946,-21.323],[-50.951,-21.36],[-50.985,-21.407],[-50.985,-21.433],[-50.924,-21.442],[-50.87,-21.416],[-50.82,-21.375],[-50.769,-21.292],[-50.783,-21.282],[-50.767,-21.23],[-50.736,-21.199],[-50.795,-21.187]]]},"properties":{"codarea":"3506201"}},{"type":"Feature","geometry":{"type":"Polygon","coordinates":[[[-49.459,-22.913],[-49.523,-22.907],[-49.511,-22.951],[-49.518,-22.977],[-49.554,-22.973],[-49.558,-23.0],[-49.553,-23.048],[-49.529,-23.101],[-49.547,-23.129],[-49.515,-23.143],[-49.457,-23.136],[-49.442,-23.111],[-49.442,-23.056],[-49.412,-23.052],[-49.457,-22.975],[-49.459,-22.913]]]},"properties":{"codarea":"3506300"}},{"type":"Feature","geometry":{"type":"Polygon","coordinates":[[[-46.133,-23.857],[-46.089,-23.822],[-46.039,-23.816],[-45.973,-23.785],[-45.898,-23.765],[-45.842,-23.758],[-45.795,-23.716],[-45.796,-23.683],[-45.833,-23.67],[-45.845,-23.644],[-45.916,-23.667],[-45.936,-23.701],[-45.977,-23.694],[-46.077,-23.733],[-46.101,-23.718],[-46.17,-23.732],[-46.202,-23.751],[-46.236,-23.8],[-46.236,-23.836],[-46.2,-23.88],[-46.178,-23.889],[-46.133,-23.857]]]},"properties":{"codarea":"3506359"}},{"type":"Feature","geometry":{"type":"Polygon","coordinates":[[[-50.422,-21.446],[-50.418,-21.418],[-50.446,-21.392],[-50.466,-21.308],[-50.484,-21.351],[-50.523,-21.39],[-50.554,-21.45],[-50.517,-21.464],[-50.493,-21.522],[-50.441,-21.488],[-50.422,-21.446]]]},"properties":{"codarea":"3506409"}},{"type":"Feature","geometry":{"type":"Polygon","coordinates":[[[-50.422,-21.446],[-50.419,-21.465],[-50.354,-21.45],[-50.346,-21.402],[-50.313,-21.354],[-50.312,-21.299],[-50.288,-21.262],[-50.257,-21.246],[-50.249,-21.213],[-50.239,-21.189],[-50.253,-21.117],[-50.273,-21.074],[-50.312,-21.077],[-50.347,-21.06],[-50.356,-21.126],[-50.38,-21.154],[-50.404,-21.233],[-50.39,-21.252],[-50.467,-21.297],[-50.466,-21.308],[-50.446,-21.392],[-50.418,-21.418],[-50.422,-21.446]]]},"properties":{"codarea":"3506508"}},{"type":"Feature","geometry":{"type":"Polygon","coordinates":[[[-46.101,-23.718],[-46.077,-23.733],[-45.977,-23.694],[-45.936,-23.701],[-45.916,-23.667],[-45.939,-23.632],[-45.929,-23.599],[-45.965,-23.581],[-45.965,-23.554],[-45.993,-23.52],[-46.057,-23.542],[-46.077,-23.515],[-46.112,-23.541],[-46.088,-23.575],[-46.082,-23.68],[-46.101,-23.718]]]},"properties":{"codarea":"3506607"}},{"type":"Feature","geometry":{"type":"Polygon","coordinates":[[[-48.397,-21.854],[-48.45,-21.845],[-48.517,-21.869],[-48.569,-21.865],[-48.594,-21.846],[-48.658,-21.845],[-48.643,-21.905],[-48.679,-21.928],[-48.679,-21.929],[-48.642,-21.97],[-48.607,-21.988],[-48.564,-22.005],[-48.544,-22.035],[-48.503,-22.019],[-48.445,-22.063],[-48.441,-22.061],[-48.414,-22.035],[-48.349,-22.009],[-48.322,-21.989],[-48.291,-21.99],[-48.289,-21.955],[-48.254,-21.893],[-48.263,-21.872],[-48.313,-21.868],[-48.345,-21.853],[-48.397,-21.854]]]},"properties":{"codarea":"3506706"}},{"type":"Feature","geometry":{"type":"Polygon","coordinates":[[[-48.445,-22.063],[-48.503,-22.019],[-48.544,-22.035],[-48.564,-22.005],[-48.607,-21.988],[-48.615,-22.089],[-48.644,-22.117],[-48.633,-22.167],[-48.572,-22.199],[-48.508,-22.194],[-48.439,-22.157],[-48.418,-22.163],[-48.396,-22.122],[-48.445,-22.063]]]},"properties":{"codarea":"3506805"}},{"type":"Feature","geometry":{"type":"Polygon","coordinates":[[[-48.225,-23.196],[-48.19,-23.175],[-48.192,-23.124],[-48.16,-23.087],[-48.133,-23.062],[-48.123,-23.03],[-48.138,-22.965],[-48.218,-22.994],[-48.24,-22.974],[-48.291,-22.958],[-48.296,-22.982],[-48.35,-23.011],[-48.357,-23.101],[-48.326,-23.136],[-48.364,-23.156],[-48.387,-23.186],[-48.428,-23.203],[-48.452,-23.211],[-48.492,-23.261],[-48.36,-23.303],[-48.336,-23.268],[-48.3,-23.258],[-48.241,-23.28],[-48.261,-23.23],[-48.225,-23.196]]]},"properties":{"codarea":"3506904"}},{"type":"Feature","geometry":{"type":"Polygon","coordinates":[[[-47.737,-23.331],[-47.683,-23.335],[-47.676,-23.368],[-47.61,-23.357],[-47.578,-23.364],[-47.575,-23.343],[-47.609,-23.299],[-47.616,-23.208],[-47.63,-23.192],[-47.681,-23.22],[-47.704,-23.216],[-47.772,-23.252],[-47.762,-23.321],[-47.737,-23.331]]]},"properties":{"codarea":"3507001"}},{"type":"Feature","geometry":{"type":"Polygon","coordinates":[[[-46.509,-23.233],[-46.472,-23.233],[-46.44,-23.199],[-46.415,-23.121],[-46.483,-23.112],[-46.543,-23.208],[-46.509,-23.233]]]},"properties":{"codarea":"3507100"}},{"type":"Feature","geometry":{"type":"Polygon","coordinates":[[[-49.148,-24.258],[-49.205,-24.303],[-49.227,-24.293],[-49.254,-24.318],[-49.201,-24.345],[-49.254,-24.405],[-49.187,-24.376],[-49.12,-24.33],[-49.093,-24.319],[-49.075,-24.284],[-49.108,-24.251],[-49.148,-24.258]]]},"properties":{"codarea":"3507159"}},{"type":"Feature","geometry":{"type":"Polygon","coordinates":[[[-50.485,-22.152],[-50.524,-22.22],[-50.552,-22.233],[-50.559,-22.295],[-50.49,-22.319],[-50.465,-22.316],[-50.479,-22.258],[-50.453,-22.215],[-50.452,-22.173],[-50.485,-22.152]]]},"properties":{"codarea":"3507209"}},{"type":"Feature","geometry":{"type":"Polygon","coordinates":[[[-48.844,-22.129],[-48.856,-22.167],[-48.819,-22.192],[-48.803,-22.232],[-48.772,-22.227],[-48.745,-22.224],[-48.715,-22.18],[-48.754,-22.154],[-48.767,-22.105],[-48.794,-22.125],[-48.818,-22.107],[-48.844,-22.129]]]},"properties":{"codarea":"3507308"}},{"type":"Feature","geometry":{"type":"Polygon","coordinates":[[[-48.991,-21.456],[-49.019,-21.482],[-49.055,-21.488],[-49.082,-21.465],[-49.15,-21.53],[-49.156,-21.556],[-49.188,-21.596],[-49.241,-21.624],[-49.213,-21.671],[-49.164,-21.647],[-49.138,-21.708],[-49.105,-21.751],[-49.084,-21.756],[-49.005,-21.699],[-48.96,-21.699],[-48.911,-21.674],[-48.972,-21.661],[-48.962,-21.635],[-48.974,-21.588],[-48.964,-21.542],[-49.0,-21.485],[-48.991,-21.456]]]},"properties":{"codarea":"3507407"}},{"type":"Feature","geometry":{"type":"Polygon","coordinates":[[[-48.932,-22.53],[-49.002,-22.547],[-49.0,-22.577],[-49.016,-22.631],[-49.095,-22.667],[-49.095,-22.698],[-49.031,-22.763],[-49.031,-22.834],[-48.983,-22.84],[-48.948,-22.826],[-48.964,-22.79],[-48.939,-22.739],[-48.935,-22.68],[-48.945,-22.621],[-48.89,-22.554],[-48.932,-22.53]]]},"properties":{"codarea":"3507456"}},{"type":"Feature","geometry":{"type":"Polygon","coordinates":[[[-48.291,-22.958],[-48.302,-22.914],[-48.293,-22.877],[-48.26,-22.866],[-48.264,-22.767],[-48.248,-22.733],[-48.246,-22.619],[-48.261,-22.605],[-48.278,-22.596],[-48.334,-22.625],[-48.365,-22.609],[-48.406,-22.623],[-48.411,-22.677],[-48.446,-22.724],[-48.475,-22.727],[-48.474,-22.773],[-48.501,-22.805],[-48.527,-22.807],[-48.548,-22.859],[-48.567,-22.853],[-48.664,-22.847],[-48.69,-22.874],[-48.743,-22.873],[-48.803,-22.845],[-48.799,-22.873],[-48.829,-22.892],[-48.852,-22.932],[-48.778,-22.965],[-48.705,-22.943],[-48.645,-22.966],[-48.636,-23.021],[-48.617,-23.039],[-48.566,-23.037],[-48.476,-23.082],[-48.459,-23.081],[-48.417,-22.999],[-48.35,-23.011],[-48.296,-22.982],[-48.291,-22.958]]]},"properties":{"codarea":"3507506"}},{"type":"Feature","geometry":{"type":"Polygon","coordinates":[[[-46.696,-23.011],[-46.663,-22.998],[-46.637,-23.018],[-46.587,-23.018],[-46.568,-23.043],[-46.537,-23.026],[-46.48,-23.031],[-46.465,-23.052],[-46.432,-23.038],[-46.411,-22.981],[-46.466,-22.913],[-46.479,-22.879],[-46.443,-22.825],[-46.528,-22.827],[-46.583,-22.851],[-46.624,-22.833],[-46.648,-22.884],[-46.682,-22.885],[-46.682,-22.93],[-46.716,-22.977],[-46.696,-23.011]]]},"properties":{"codarea":"3507605"}},{"type":"Feature","geometry":{"type":"Polygon","coordinates":[[[-50.3,-21.457],[-50.343,-21.495],[-50.385,-21.49],[-50.425,-21.631],[-50.364,-21.623],[-50.336,-21.635],[-50.3,-21.625],[-50.296,-21.573],[-50.274,-21.559],[-50.28,-21.532],[-50.259,-21.494],[-50.3,-21.457]]]},"properties":{"codarea":"3507704"}},{"type":"Feature","geometry":{"type":"Polygon","coordinates":[[[-50.206,-21.258],[-50.185,-21.239],[-50.181,-21.184],[-50.157,-21.136],[-50.176,-21.114],[-50.253,-21.117],[-50.239,-21.189],[-50.249,-21.213],[-50.206,-21.258]]]},"properties":{"codarea":"3507753"}},{"type":"Feature","geometry":{"type":"Polygon","coordinates":[[[-47.718,-20.938],[-47.726,-20.974],[-47.687,-21.003],[-47.674,-21.075],[-47.719,-21.12],[-47.667,-21.119],[-47.647,-21.148],[-47.628,-21.148],[-47.559,-21.108],[-47.518,-21.098],[-47.541,-21.035],[-47.567,-21.025],[-47.607,-20.985],[-47.675,-20.936],[-47.718,-20.938]]]},"properties":{"codarea":"3507803"}},{"type":"Feature","geometry":{"type":"Polygon","coordinates":[[[-48.239,-22.367],[-48.155,-22.362],[-48.111,-22.375],[-48.063,-22.412],[-48.041,-22.506],[-47.916,-22.425],[-47.954,-22.398],[-47.949,-22.321],[-47.927,-22.305],[-47.906,-22.231],[-47.882,-22.201],[-47.9,-22.158],[-47.948,-22.111],[-47.993,-22.116],[-48.045,-22.073],[-48.044,-22.129],[-48.108,-22.18],[-48.135,-22.183],[-48.198,-22.148],[-48.256,-22.155],[-48.256,-22.177],[-48.314,-22.199],[-48.328,-22.265],[-48.293,-22.267],[-48.239,-22.367]]]},"properties":{"codarea":"3507902"}},{"type":"Feature","geometry":{"type":"Polygon","coordinates":[[[-48.734,-23.854],[-48.716,-23.851],[-48.664,-23.9],[-48.666,-23.923],[-48.632,-23.936],[-48.552,-23.935],[-48.475,-23.89],[-48.431,-23.892],[-48.349,-23.831],[-48.393,-23.781],[-48.395,-23.725],[-48.408,-23.715],[-48.478,-23.647],[-48.479,-23.609],[-48.506,-23.549],[-48.535,-23.541],[-48.577,-23.576],[-48.609,-23.582],[-48.622,-23.594],[-48.678,-23.588],[-48.694,-23.601],[-48.765,-23.613],[-48.781,-23.643],[-48.767,-23.677],[-48.721,-23.721],[-48.745,-23.736],[-48.724,-23.785],[-48.745,-23.841],[-48.734,-23.854]]]},"properties":{"codarea":"3508009"}},{"type":"Feature","geometry":{"type":"Polygon","coordinates":[[[-50.253,-21.117],[-50.176,-21.114],[-50.157,-21.136],[-50.151,-21.14],[-50.11,-21.103],[-50.109,-21.073],[-50.055,-20.997],[-50.096,-21.002],[-50.157,-20.978],[-50.18,-20.982],[-50.233,-20.98],[-50.248,-21.008],[-50.299,-21.0],[-50.358,-21.044],[-50.347,-21.06],[-50.312,-21.077],[-50.273,-21.074],[-50.253,-21.117]]]},"properties":{"codarea":"3508108"}},{"type":"Feature","geometry":{"type":"Polygon","coordinates":[[[-47.609,-20.16],[-47.621,-20.14],[-47.675,-20.126],[-47.687,-20.14],[-47.742,-20.152],[-47.794,-20.2],[-47.791,-20.224],[-47.837,-20.242],[-47.792,-20.262],[-47.733,-20.249],[-47.699,-20.277],[-47.645,-20.288],[-47.611,-20.277],[-47.603,-20.253],[-47.619,-20.219],[-47.593,-20.18],[-47.609,-20.16]]]},"properties":{"codarea":"3508207"}},{"type":"Feature","geometry":{"type":"Polygon","coordinates":[[[-49.317,-22.389],[-49.355,-22.408],[-49.367,-22.439],[-49.394,-22.45],[-49.45,-22.493],[-49.485,-22.503],[-49.503,-22.514],[-49.49,-22.542],[-49.452,-22.576],[-49.358,-22.549],[-49.347,-22.533],[-49.267,-22.494],[-49.3,-22.392],[-49.317,-22.389]]]},"properties":{"codarea":"3508306"}},{"type":"Feature","geometry":{"type":"Polygon","coordinates":[[[-46.959,-23.327],[-46.972,-23.301],[-46.97,-23.26],[-47.014,-23.264],[-47.028,-23.237],[-47.051,-23.241],[-47.113,-23.226],[-47.116,-23.225],[-47.146,-23.256],[-47.191,-23.27],[-47.169,-23.294],[-47.174,-23.326],[-47.143,-23.348],[-47.133,-23.381],[-47.043,-23.352],[-46.959,-23.327]]]},"properties":{"codarea":"3508405"}},{"type":"Feature","geometry":{"type":"Polygon","coordinates":[[[-45.842,-23.041],[-45.784,-23.112],[-45.76,-23.129],[-45.751,-23.193],[-45.721,-23.238],[-45.641,-23.196],[-45.609,-23.163],[-45.594,-23.134],[-45.629,-23.116],[-45.631,-23.081],[-45.663,-23.034],[-45.713,-23.008],[-45.725,-22.969],[-45.842,-23.041]]]},"properties":{"codarea":"3508504"}},{"type":"Feature","geometry":{"type":"Polygon","coordinates":[[[-45.069,-22.676],[-45.022,-22.699],[-45.017,-22.751],[-44.975,-22.808],[-44.913,-22.855],[-44.895,-22.845],[-44.921,-22.751],[-44.913,-22.74],[-44.928,-22.655],[-44.99,-22.639],[-45.005,-22.606],[-45.085,-22.599],[-45.104,-22.563],[-45.122,-22.582],[-45.102,-22.61],[-45.112,-22.635],[-45.069,-22.676]]]},"properties":{"codarea":"3508603"}},{"type":"Feature","geometry":{"type":"Polygon","coordinates":[[[-46.76,-21.572],[-46.727,-21.577],[-46.694,-21.612],[-46.641,-21.602],[-46.61,-21.648],[-46.614,-21.677],[-46.565,-21.679],[-46.555,-21.653],[-46.512,-21.565],[-46.523,-21.53],[-46.509,-21.489],[-46.519,-21.449],[-46.577,-21.427],[-46.616,-21.43],[-46.677,-21.434],[-46.706,-21.447],[-46.721,-21.474],[-46.702,-21.506],[-46.763,-21.548],[-46.76,-21.572]]]},"properties":{"codarea":"3508702"}},{"type":"Feature","geometry":{"type":"Polygon","coordinates":[[[-49.518,-21.602],[-49.568,-21.626],[-49.561,-21.662],[-49.574,-21.705],[-49.629,-21.732],[-49.659,-21.727],[-49.726,-21.746],[-49.755,-21.799],[-49.772,-21.804],[-49.809,-21.89],[-49.772,-21.927],[-49.734,-21.941],[-49.659,-21.86],[-49.611,-21.87],[-49.566,-21.832],[-49.546,-21.857],[-49.456,-21.784],[-49.431,-21.779],[-49.414,-21.757],[-49.405,-21.695],[-49.383,-21.669],[-49.332,-21.651],[-49.312,-21.617],[-49.328,-21.559],[-49.379,-21.535],[-49.412,-21.544],[-49.446,-21.524],[-49.496,-21.571],[-49.518,-21.602]]]},"properties":{"codarea":"3508801"}},{"type":"Feature","geometry":{"type":"Polygon","coordinates":[[[-51.224,-21.829],[-51.265,-21.886],[-51.267,-21.932],[-51.289,-22.045],[-51.265,-22.067],[-51.208,-22.068],[-51.191,-22.011],[-51.172,-21.994],[-51.185,-21.956],[-51.168,-21.93],[-51.155,-21.863],[-51.182,-21.833],[-51.224,-21.829]]]},"properties":{"codarea":"3508900"}},{"type":"Feature","geometry":{"type":"Polygon","coordinates":[[[-46.823,-23.401],[-46.736,-23.388],[-46.7,-23.422],[-46.67,-23.419],[-46.655,-23.395],[-46.67,-23.363],[-46.689,-23.368],[-46.781,-23.349],[-46.824,-23.331],[-46.823,-23.401]]]},"properties":{"codarea":"3509007"}},{"type":"Feature","geometry":{"type":"Polygon","coordinates":[[[-51.941,-21.547],[-51.977,-21.767],[-52.016,-21.802],[-52.067,-21.829],[-52.091,-21.863],[-52.126,-21.881],[-52.144,-21.998],[-52.088,-21.987],[-52.059,-22.03],[-52.038,-22.027],[-52.023,-21.949],[-52.003,-21.912],[-51.964,-21.907],[-51.931,-21.826],[-51.915,-21.822],[-51.888,-21.764],[-51.901,-21.73],[-51.865,-21.672],[-51.843,-21.612],[-51.86,-21.581],[-51.88,-21.581],[-51.941,-21.547]]]},"properties":{"codarea":"3509106"}},{"type":"Feature","geometry":{"type":"Polygon","coordinates":[[[-46.929,-23.387],[-46.823,-23.422],[-46.823,-23.401],[-46.824,-23.331],[-46.838,-23.288],[-46.867,-23.278],[-46.902,-23.308],[-46.938,-23.322],[-46.938,-23.348],[-46.902,-23.366],[-46.929,-23.387]]]},"properties":{"codarea":"3509205"}},{"type":"Feature","geometry":{"type":"Polygon","coordinates":[[[-48.129,-24.649],[-48.162,-24.643],[-48.226,-24.678],[-48.24,-24.697],[-48.307,-24.732],[-48.29,-24.777],[-48.296,-24.801],[-48.31,-24.825],[-48.283,-24.879],[-48.211,-24.907],[-48.13,-24.838],[-48.128,-24.796],[-48.096,-24.758],[-48.063,-24.75],[-48.048,-24.72],[-48.095,-24.686],[-48.129,-24.649]]]},"properties":{"codarea":"3509254"}},{"type":"Feature","geometry":{"type":"Polygon","coordinates":[[[-48.907,-20.892],[-48.883,-20.913],[-48.842,-20.913],[-48.796,-20.936],[-48.786,-20.934],[-48.744,-20.894],[-48.745,-20.84],[-48.797,-20.836],[-48.843,-20.843],[-48.892,-20.824],[-48.92,-20.813],[-48.949,-20.869],[-48.907,-20.892]]]},"properties":{"codarea":"3509304"}},{"type":"Feature","geometry":{"type":"Polygon","coordinates":[[[-47.38,-21.395],[-47.333,-21.415],[-47.298,-21.448],[-47.264,-21.451],[-47.241,-21.443],[-47.215,-21.427],[-47.192,-21.348],[-47.227,-21.341],[-47.19,-21.212],[-47.223,-21.201],[-47.244,-21.159],[-47.283,-21.138],[-47.309,-21.102],[-47.35,-21.136],[-47.389,-21.138],[-47.472,-21.183],[-47.478,-21.205],[-47.452,-21.222],[-47.404,-21.21],[-47.368,-21.294],[-47.415,-21.343],[-47.38,-21.395]]]},"properties":{"codarea":"3509403"}},{"type":"Feature","geometry":{"type":"Polygon","coordinates":[[[-48.535,-23.541],[-48.506,-23.549],[-48.479,-23.609],[-48.478,-23.647],[-48.408,-23.715],[-48.367,-23.673],[-48.371,-23.631],[-48.397,-23.618],[-48.398,-23.577],[-48.414,-23.535],[-48.469,-23.529],[-48.52,-23.509],[-48.535,-23.541]]]},"properties":{"codarea":"3509452"}},{"type":"Feature","geometry":{"type":"Polygon","coordinates":[[[-47.049,-23.051],[-47.072,-23.023],[-47.064,-22.992],[-47.029,-22.97],[-46.982,-22.904],[-46.94,-22.928],[-46.879,-22.927],[-46.879,-22.927],[-46.851,-22.877],[-46.858,-22.836],[-46.891,-22.817],[-46.905,-22.763],[-46.957,-22.729],[-46.967,-22.745],[-47.069,-22.73],[-47.101,-22.75],[-47.095,-22.78],[-47.12,-22.81],[-47.164,-22.805],[-47.158,-22.861],[-47.179,-22.912],[-47.247,-22.91],[-47.202,-22.93],[-47.207,-22.995],[-47.233,-23.007],[-47.109,-23.061],[-47.088,-23.055],[-47.049,-23.051]]]},"properties":{"codarea":"3509502"}},{"type":"Feature","geometry":{"type":"Polygon","coordinates":[[[-46.711,-23.212],[-46.715,-23.192],[-46.773,-23.175],[-46.786,-23.153],[-46.799,-23.188],[-46.807,-23.255],[-46.803,-23.257],[-46.784,-23.265],[-46.744,-23.25],[-46.704,-23.252],[-46.711,-23.212]]]},"properties":{"codarea":"3509601"}},{"type":"Feature","geometry":{"type":"Polygon","coordinates":[[[-45.614,-22.797],[-45.542,-22.769],[-45.476,-22.72],[-45.439,-22.703],[-45.4,-22.654],[-45.42,-22.621],[-45.48,-22.59],[-45.489,-22.629],[-45.525,-22.647],[-45.58,-22.653],[-45.631,-22.731],[-45.659,-22.738],[-45.676,-22.788],[-45.614,-22.797]]]},"properties":{"codarea":"3509700"}},{"type":"Feature","geometry":{"type":"Polygon","coordinates":[[[-50.106,-22.681],[-50.079,-22.692],[-50.023,-22.75],[-50.01,-22.784],[-49.974,-22.688],[-49.902,-22.667],[-49.891,-22.655],[-49.888,-22.526],[-49.926,-22.541],[-49.982,-22.53],[-49.999,-22.498],[-50.027,-22.511],[-50.061,-22.499],[-50.069,-22.493],[-50.088,-22.491],[-50.119,-22.559],[-50.139,-22.574],[-50.101,-22.61],[-50.092,-22.642],[-50.106,-22.681]]]},"properties":{"codarea":"3509809"}},{"type":"Feature","geometry":{"type":"Polygon","coordinates":[[[-47.943,-24.767],[-47.927,-24.781],[-47.968,-24.872],[-47.992,-24.847],[-48.043,-24.862],[-48.026,-24.944],[-48.078,-24.954],[-48.124,-24.981],[-48.211,-24.957],[-48.24,-24.991],[-48.209,-25.032],[-48.216,-25.077],[-48.182,-25.134],[-48.158,-25.15],[-48.182,-25.205],[-48.113,-25.251],[-48.023,-25.231],[-48.097,-25.297],[-48.096,-25.309],[-48.047,-25.259],[-47.924,-25.16],[-47.908,-25.118],[-47.91,-25.053],[-47.912,-25.01],[-47.898,-24.973],[-47.862,-24.962],[-47.855,-24.937],[-47.804,-24.907],[-47.734,-24.836],[-47.774,-24.817],[-47.822,-24.777],[-47.83,-24.756],[-47.867,-24.797],[-47.943,-24.767]]]},"properties":{"codarea":"3509908"}},{"type":"Feature","geometry":{"type":"Polygon","coordinates":[[[-45.069,-22.676],[-45.075,-22.725],[-45.061,-22.75],[-45.011,-22.773],[-44.975,-22.808],[-45.017,-22.751],[-45.022,-22.699],[-45.069,-22.676]]]},"properties":{"codarea":"3509957"}},{"type":"Feature","geometry":{"type":"Polygon","coordinates":[[[-50.359,-22.916],[-50.333,-22.88],[-50.34,-22.842],[-50.329,-22.805],[-50.291,-22.774],[-50.291,-22.755],[-50.262,-22.701],[-50.276,-22.673],[-50.325,-22.677],[-50.402,-22.705],[-50.482,-22.696],[-50.508,-22.703],[-50.503,-22.736],[-50.521,-22.782],[-50.524,-22.833],[-50.552,-22.841],[-50.578,-22.883],[-50.577,-22.904],[-50.53,-22.919],[-50.527,-22.935],[-50.426,-22.944],[-50.416,-22.913],[-50.359,-22.916]]]},"properties":{"codarea":"3510005"}},{"type":"Feature","geometry":{"type":"Polygon","coordinates":[[[-48.619,-21.287],[-48.67,-21.338],[-48.685,-21.383],[-48.653,-21.365],[-48.61,-21.394],[-48.577,-21.34],[-48.619,-21.287]]]},"properties":{"codarea":"3510104"}},{"type":"Feature","geometry":{"type":"Polygon","coordinates":[[[-49.763,-22.97],[-49.793,-22.967],[-49.837,-23.046],[-49.834,-23.066],[-49.819,-23.077],[-49.77,-23.033],[-49.747,-22.992],[-49.757,-22.971],[-49.763,-22.97]]]},"properties":{"codarea":"3510153"}},{"type":"Feature","geometry":{"type":"Polygon","coordinates":[[[-48.421,-24.18],[-48.424,-24.138],[-48.407,-24.086],[-48.377,-24.066],[-48.351,-24.073],[-48.308,-24.052],[-48.315,-24.114],[-48.303,-24.18],[-48.288,-24.197],[-48.281,-24.282],[-48.241,-24.263],[-48.205,-24.263],[-48.144,-24.222],[-48.139,-24.194],[-48.106,-24.201],[-48.058,-24.177],[-48.049,-24.138],[-48.009,-24.135],[-47.981,-24.113],[-47.953,-24.12],[-47.98,-24.076],[-47.998,-24.074],[-48.04,-24.031],[-48.085,-24.008],[-48.125,-24.014],[-48.121,-23.968],[-48.167,-23.922],[-48.188,-23.857],[-48.208,-23.849],[-48.24,-23.861],[-48.295,-23.826],[-48.349,-23.831],[-48.431,-23.892],[-48.475,-23.89],[-48.552,-23.935],[-48.582,-23.983],[-48.55,-24.004],[-48.569,-24.027],[-48.569,-24.091],[-48.475,-24.16],[-48.421,-24.18]]]},"properties":{"codarea":"3510203"}},{"type":"Feature","geometry":{"type":"Polygon","coordinates":[[[-47.761,-23.561],[-47.718,-23.534],[-47.697,-23.494],[-47.651,-23.459],[-47.655,-23.433],[-47.688,-23.401],[-47.726,-23.386],[-47.758,-23.399],[-47.807,-23.489],[-47.78,-23.532],[-47.761,-23.561]]]},"properties":{"codarea":"3510302"}},{"type":"Feature","geometry":{"type":"Polygon","coordinates":[[[-47.623,-22.994],[-47.576,-23.017],[-47.531,-23.004],[-47.53,-23.052],[-47.509,-23.092],[-47.489,-23.108],[-47.428,-23.101],[-47.446,-23.022],[-47.389,-22.984],[-47.396,-22.904],[-47.442,-22.889],[-47.465,-22.858],[-47.507,-22.852],[-47.519,-22.887],[-47.51,-22.896],[-47.525,-22.963],[-47.572,-22.968],[-47.623,-22.994]]]},"properties":{"codarea":"3510401"}},{"type":"Feature","geometry":{"type":"Polygon","coordinates":[[[-45.427,-23.708],[-45.428,-23.658],[-45.407,-23.624],[-45.357,-23.623],[-45.311,-23.576],[-45.277,-23.578],[-45.273,-23.483],[-45.307,-23.496],[-45.349,-23.548],[-45.444,-23.556],[-45.457,-23.577],[-45.487,-23.573],[-45.524,-23.605],[-45.54,-23.597],[-45.581,-23.646],[-45.631,-23.657],[-45.637,-23.622],[-45.703,-23.637],[-45.72,-23.649],[-45.679,-23.667],[-45.664,-23.699],[-45.576,-23.726],[-45.531,-23.756],[-45.507,-23.73],[-45.452,-23.725],[-45.427,-23.708]]]},"properties":{"codarea":"3510500"}},{"type":"Feature","geometry":{"type":"Polygon","coordinates":[[[-46.876,-23.565],[-46.817,-23.582],[-46.817,-23.521],[-46.854,-23.517],[-46.861,-23.545],[-46.876,-23.565]]]},"properties":{"codarea":"3510609"}},{"type":"Feature","geometry":{"type":"Polygon","coordinates":[[[-49.812,-20.195],[-49.803,-20.156],[-49.816,-20.094],[-49.806,-20.074],[-49.84,-20.03],[-49.892,-20.037],[-49.886,-19.98],[-49.906,-19.937],[-49.97,-19.92],[-50.003,-19.926],[-50.044,-19.916],[-50.056,-19.981],[-50.111,-20.038],[-50.074,-20.072],[-50.035,-20.084],[-50.023,-20.136],[-50.028,-20.182],[-49.992,-20.186],[-49.942,-20.175],[-49.921,-20.215],[-49.827,-20.187],[-49.812,-20.195]]]},"properties":{"codarea":"3510708"}},{"type":"Feature","geometry":{"type":"Polygon","coordinates":[[[-47.196,-21.974],[-47.158,-21.984],[-47.107,-21.976],[-47.038,-21.991],[-46.982,-21.968],[-47.004,-21.918],[-46.988,-21.848],[-46.963,-21.817],[-46.954,-21.799],[-46.986,-21.742],[-46.98,-21.7],[-46.998,-21.654],[-47.029,-21.647],[-47.038,-21.623],[-47.081,-21.61],[-47.097,-21.568],[-47.147,-21.623],[-47.165,-21.666],[-47.23,-21.732],[-47.241,-21.758],[-47.211,-21.756],[-47.187,-21.79],[-47.185,-21.848],[-47.195,-21.915],[-47.16,-21.947],[-47.196,-21.974]]]},"properties":{"codarea":"3510807"}},{"type":"Feature","geometry":{"type":"Polygon","coordinates":[[[-47.19,-21.212],[-47.227,-21.341],[-47.192,-21.348],[-47.157,-21.302],[-47.13,-21.328],[-47.066,-21.269],[-47.044,-21.267],[-47.076,-21.241],[-47.118,-21.186],[-47.17,-21.194],[-47.19,-21.212]]]},"properties":{"codarea":"3510906"}},{"type":"Feature","geometry":{"type":"Polygon","coordinates":[[[-51.476,-21.05],[-51.466,-20.995],[-51.477,-20.968],[-51.452,-20.891],[-51.448,-20.771],[-51.419,-20.681],[-51.457,-20.668],[-51.497,-20.669],[-51.522,-20.64],[-51.575,-20.623],[-51.603,-20.662],[-51.635,-20.755],[-51.622,-20.777],[-51.633,-20.822],[-51.615,-20.886],[-51.624,-20.944],[-51.667,-20.971],[-51.714,-20.971],[-51.76,-21.022],[-51.773,-21.051],[-51.698,-21.092],[-51.682,-21.149],[-51.64,-21.163],[-51.642,-21.147],[-51.591,-21.087],[-51.535,-21.095],[-51.476,-21.05]]]},"properties":{"codarea":"3511003"}},{"type":"Feature","geometry":{"type":"Polygon","coordinates":[[[-49.011,-21.253],[-48.968,-21.245],[-48.972,-21.202],[-48.927,-21.166],[-48.92,-21.116],[-48.883,-21.105],[-48.86,-21.071],[-48.819,-21.042],[-48.844,-21.015],[-48.86,-21.006],[-48.889,-21.035],[-48.94,-21.06],[-48.964,-21.053],[-48.991,-21.082],[-49.019,-21.085],[-49.046,-21.136],[-49.021,-21.18],[-49.059,-21.192],[-49.091,-21.221],[-49.059,-21.242],[-49.011,-21.253]]]},"properties":{"codarea":"3511102"}},{"type":"Feature","geometry":{"type":"Polygon","coordinates":[[[-48.964,-21.053],[-48.981,-21.025],[-49.046,-21.002],[-49.111,-21.027],[-49.131,-21.07],[-49.12,-21.085],[-49.076,-21.131],[-49.046,-21.136],[-49.019,-21.085],[-48.991,-21.082],[-48.964,-21.053]]]},"properties":{"codarea":"3511201"}},{"type":"Feature","geometry":{"type":"Polygon","coordinates":[[[-49.257,-20.851],[-49.346,-20.932],[-49.375,-20.96],[-49.311,-21.009],[-49.275,-21.007],[-49.258,-20.959],[-49.248,-20.917],[-49.197,-20.907],[-49.184,-20.875],[-49.149,-20.848],[-49.142,-20.825],[-49.181,-20.816],[-49.205,-20.839],[-49.257,-20.851]]]},"properties":{"codarea":"3511300"}},{"type":"Feature","geometry":{"type":"Polygon","coordinates":[[[-49.068,-23.093],[-49.081,-23.064],[-49.033,-22.959],[-48.981,-22.902],[-49.005,-22.887],[-49.039,-22.887],[-49.05,-22.912],[-49.121,-22.929],[-49.15,-22.959],[-49.172,-22.94],[-49.216,-22.977],[-49.222,-23.037],[-49.241,-23.073],[-49.245,-23.145],[-49.243,-23.207],[-49.211,-23.245],[-49.151,-23.26],[-49.143,-23.159],[-49.122,-23.097],[-49.068,-23.093]]]},"properties":{"codarea":"3511409"}},{"type":"Feature","geometry":{"type":"Polygon","coordinates":[[[-47.704,-23.216],[-47.684,-23.195],[-47.714,-23.141],[-47.751,-23.122],[-47.79,-23.152],[-47.819,-23.133],[-47.817,-23.153],[-47.827,-23.203],[-47.815,-23.228],[-47.772,-23.252],[-47.704,-23.216]]]},"properties":{"codarea":"3511508"}},{"type":"Feature","geometry":{"type":"Polygon","coordinates":[[[-47.95,-23.279],[-47.876,-23.262],[-47.851,-23.238],[-47.815,-23.228],[-47.827,-23.203],[-47.817,-23.153],[-47.839,-23.174],[-47.91,-23.161],[-47.98,-23.192],[-48.009,-23.224],[-47.976,-23.276],[-47.95,-23.279]]]},"properties":{"codarea":"3511607"}},{"type":"Feature","geometry":{"type":"Polygon","coordinates":[[[-47.803,-22.582],[-47.705,-22.593],[-47.669,-22.54],[-47.669,-22.51],[-47.694,-22.483],[-47.724,-22.493],[-47.777,-22.444],[-47.793,-22.448],[-47.787,-22.474],[-47.824,-22.539],[-47.803,-22.582]]]},"properties":{"codarea":"3511706"}},{"type":"Feature","geometry":{"type":"Polygon","coordinates":[[[-50.441,-21.488],[-50.493,-21.522],[-50.541,-21.574],[-50.556,-21.611],[-50.52,-21.619],[-50.468,-21.607],[-50.445,-21.662],[-50.425,-21.631],[-50.385,-21.49],[-50.419,-21.512],[-50.441,-21.488]]]},"properties":{"codarea":"3511904"}},{"type":"Feature","geometry":{"type":"Polygon","coordinates":[[[-48.437,-20.753],[-48.492,-20.694],[-48.488,-20.637],[-48.526,-20.635],[-48.566,-20.654],[-48.595,-20.697],[-48.662,-20.689],[-48.754,-20.743],[-48.726,-20.766],[-48.719,-20.813],[-48.697,-20.837],[-48.651,-20.834],[-48.636,-20.819],[-48.609,-20.834],[-48.549,-20.797],[-48.473,-20.8],[-48.448,-20.788],[-48.437,-20.753]]]},"properties":{"codarea":"3512001"}},{"type":"Feature","geometry":{"type":"Polygon","coordinates":[[[-48.51,-20.299],[-48.52,-20.246],[-48.576,-20.205],[-48.593,-20.175],[-48.647,-20.167],[-48.73,-20.15],[-48.781,-20.164],[-48.822,-20.162],[-48.855,-20.18],[-48.853,-20.215],[-48.887,-20.275],[-48.876,-20.318],[-48.878,-20.356],[-48.867,-20.399],[-48.836,-20.383],[-48.736,-20.377],[-48.715,-20.358],[-48.682,-20.362],[-48.622,-20.32],[-48.587,-20.328],[-48.56,-20.298],[-48.51,-20.299]]]},"properties":{"codarea":"3512100"}},{"type":"Feature","geometry":{"type":"Polygon","coordinates":[[[-47.184,-22.292],[-47.21,-22.322],[-47.175,-22.41],[-47.189,-22.433],[-47.154,-22.482],[-47.136,-22.47],[-47.09,-22.386],[-47.077,-22.329],[-47.084,-22.3],[-47.184,-22.292]]]},"properties":{"codarea":"3512209"}},{"type":"Feature","geometry":{"type":"Polygon","coordinates":[[[-47.931,-22.883],[-47.988,-22.888],[-48.014,-22.852],[-48.047,-22.832],[-48.105,-22.829],[-48.132,-22.881],[-48.139,-22.917],[-48.123,-22.93],[-48.138,-22.965],[-48.123,-23.03],[-48.133,-23.062],[-48.16,-23.087],[-48.092,-23.087],[-48.057,-23.104],[-48.034,-23.069],[-48.006,-23.07],[-47.968,-23.03],[-47.937,-23.015],[-47.934,-22.945],[-47.952,-22.924],[-47.931,-22.883]]]},"properties":{"codarea":"3512308"}},{"type":"Feature","geometry":{"type":"Polygon","coordinates":[[[-47.467,-22.419],[-47.464,-22.453],[-47.492,-22.481],[-47.489,-22.524],[-47.477,-22.526],[-47.41,-22.529],[-47.368,-22.502],[-47.335,-22.498],[-47.302,-22.445],[-47.366,-22.459],[-47.383,-22.445],[-47.467,-22.419]]]},"properties":{"codarea":"3512407"}},{"type":"Feature","geometry":{"type":"Polygon","coordinates":[[[-50.249,-21.213],[-50.257,-21.246],[-50.288,-21.262],[-50.312,-21.299],[-50.313,-21.354],[-50.346,-21.402],[-50.354,-21.45],[-50.419,-21.465],[-50.422,-21.446],[-50.441,-21.488],[-50.419,-21.512],[-50.385,-21.49],[-50.343,-21.495],[-50.3,-21.457],[-50.254,-21.401],[-50.241,-21.312],[-50.205,-21.282],[-50.206,-21.258],[-50.249,-21.213]]]},"properties":{"codarea":"3512506"}},{"type":"Feature","geometry":{"type":"Polygon","coordinates":[[[-49.476,-23.541],[-49.4,-23.58],[-49.404,-23.628],[-49.327,-23.681],[-49.301,-23.738],[-49.245,-23.705],[-49.202,-23.713],[-49.168,-23.694],[-49.14,-23.702],[-49.136,-23.662],[-49.191,-23.652],[-49.223,-23.667],[-49.245,-23.655],[-49.258,-23.612],[-49.338,-23.551],[-49.331,-23.525],[-49.402,-23.537],[-49.453,-23.528],[-49.476,-23.541]]]},"properties":{"codarea":"3512605"}},{"type":"Feature","geometry":{"type":"Polygon","coordinates":[[[-47.55,-22.151],[-47.59,-22.152],[-47.599,-22.179],[-47.675,-22.194],[-47.707,-22.211],[-47.713,-22.24],[-47.723,-22.273],[-47.714,-22.302],[-47.672,-22.335],[-47.634,-22.335],[-47.595,-22.279],[-47.594,-22.249],[-47.47,-22.245],[-47.49,-22.188],[-47.491,-22.162],[-47.543,-22.171],[-47.55,-22.151]]]},"properties":{"codarea":"3512704"}},{"type":"Feature","geometry":{"type":"Polygon","coordinates":[[[-47.194,-22.73],[-47.169,-22.695],[-47.138,-22.684],[-47.103,-22.69],[-47.097,-22.635],[-47.128,-22.613],[-47.211,-22.602],[-47.227,-22.57],[-47.227,-22.603],[-47.279,-22.663],[-47.204,-22.698],[-47.194,-22.73]]]},"properties":{"codarea":"3512803"}},{"type":"Feature","geometry":{"type":"Polygon","coordinates":[[[-49.648,-20.26],[-49.678,-20.282],[-49.694,-20.317],[-49.752,-20.356],[-49.769,-20.378],[-49.803,-20.385],[-49.852,-20.417],[-49.856,-20.464],[-49.895,-20.478],[-49.92,-20.509],[-49.923,-20.562],[-49.871,-20.591],[-49.839,-20.574],[-49.79,-20.528],[-49.751,-20.528],[-49.705,-20.487],[-49.681,-20.429],[-49.681,-20.393],[-49.663,-20.362],[-49.617,-20.323],[-49.648,-20.26]]]},"properties":{"codarea":"3512902"}},{"type":"Feature","geometry":{"type":"Polygon","coordinates":[[[-46.888,-23.668],[-46.918,-23.657],[-46.88,-23.619],[-46.837,-23.626],[-46.81,-23.61],[-46.808,-23.609],[-46.817,-23.582],[-46.876,-23.565],[-46.911,-23.563],[-46.981,-23.602],[-46.988,-23.665],[-47.059,-23.628],[-47.081,-23.653],[-47.076,-23.681],[-47.019,-23.788],[-46.989,-23.801],[-46.938,-23.777],[-46.931,-23.732],[-46.91,-23.72],[-46.888,-23.668]]]},"properties":{"codarea":"3513009"}},{"type":"Feature","geometry":{"type":"Polygon","coordinates":[[[-47.659,-21.196],[-47.732,-21.263],[-47.787,-21.298],[-47.818,-21.343],[-47.906,-21.368],[-47.895,-21.38],[-47.83,-21.423],[-47.714,-21.415],[-47.684,-21.379],[-47.631,-21.359],[-47.661,-21.303],[-47.652,-21.28],[-47.661,-21.248],[-47.659,-21.196]]]},"properties":{"codarea":"3513108"}},{"type":"Feature","geometry":{"type":"Polygon","coordinates":[[[-47.277,-20.292],[-47.302,-20.273],[-47.346,-20.27],[-47.421,-20.319],[-47.465,-20.308],[-47.498,-20.316],[-47.504,-20.36],[-47.529,-20.391],[-47.522,-20.45],[-47.5,-20.456],[-47.414,-20.459],[-47.394,-20.436],[-47.351,-20.437],[-47.294,-20.419],[-47.285,-20.406],[-47.298,-20.348],[-47.277,-20.292]]]},"properties":{"codarea":"3513207"}},{"type":"Feature","geometry":{"type":"Polygon","coordinates":[[[-50.854,-22.745],[-50.836,-22.782],[-50.799,-22.796],[-50.766,-22.773],[-50.718,-22.801],[-50.706,-22.773],[-50.702,-22.738],[-50.652,-22.685],[-50.738,-22.723],[-50.75,-22.675],[-50.796,-22.677],[-50.854,-22.745]]]},"properties":{"codarea":"3513306"}},{"type":"Feature","geometry":{"type":"Polygon","coordinates":[[[-45.104,-22.563],[-45.085,-22.599],[-45.005,-22.606],[-44.99,-22.639],[-44.928,-22.655],[-44.903,-22.639],[-44.906,-22.612],[-44.932,-22.569],[-44.921,-22.534],[-44.936,-22.491],[-44.966,-22.475],[-44.991,-22.466],[-45.055,-22.471],[-45.103,-22.49],[-45.124,-22.497],[-45.104,-22.563]]]},"properties":{"codarea":"3513405"}},{"type":"Feature","geometry":{"type":"Polygon","coordinates":[[[-46.41,-23.815],[-46.496,-23.9],[-46.45,-23.919],[-46.445,-23.942],[-46.386,-23.933],[-46.37,-23.914],[-46.375,-23.868],[-46.32,-23.803],[-46.339,-23.782],[-46.41,-23.815]]]},"properties":{"codarea":"3513504"}},{"type":"Feature","geometry":{"type":"Polygon","coordinates":[[[-44.883,-23.203],[-44.875,-23.185],[-44.824,-23.163],[-44.811,-23.115],[-44.819,-23.091],[-44.802,-23.049],[-44.792,-22.982],[-44.765,-22.983],[-44.743,-22.947],[-44.639,-22.914],[-44.63,-22.905],[-44.695,-22.89],[-44.724,-22.833],[-44.705,-22.803],[-44.754,-22.789],[-44.806,-22.857],[-44.91,-22.886],[-44.947,-22.913],[-45.029,-22.921],[-45.082,-22.965],[-45.111,-23.008],[-45.156,-23.015],[-45.132,-23.084],[-45.144,-23.111],[-45.131,-23.167],[-45.146,-23.188],[-45.129,-23.234],[-45.101,-23.247],[-45.124,-23.317],[-45.074,-23.304],[-45.01,-23.306],[-45.014,-23.264],[-44.984,-23.23],[-44.957,-23.242],[-44.932,-23.209],[-44.883,-23.203]]]},"properties":{"codarea":"3513603"}},{"type":"Feature","geometry":{"type":"Polygon","coordinates":[[[-47.627,-22.044],[-47.602,-22.052],[-47.575,-22.014],[-47.583,-21.992],[-47.545,-21.981],[-47.512,-21.936],[-47.511,-21.879],[-47.552,-21.855],[-47.555,-21.836],[-47.524,-21.802],[-47.57,-21.784],[-47.588,-21.735],[-47.62,-21.745],[-47.664,-21.742],[-47.682,-21.716],[-47.724,-21.706],[-47.737,-21.712],[-47.775,-21.802],[-47.771,-21.831],[-47.792,-21.878],[-47.756,-21.919],[-47.747,-21.953],[-47.754,-21.991],[-47.721,-22.023],[-47.726,-22.041],[-47.676,-22.014],[-47.658,-22.052],[-47.627,-22.044]]]},"properties":{"codarea":"3513702"}},{"type":"Feature","geometry":{"type":"Polygon","coordinates":[[[-46.651,-23.731],[-46.62,-23.739],[-46.579,-23.69],[-46.616,-23.658],[-46.634,-23.688],[-46.616,-23.71],[-46.651,-23.731]]]},"properties":{"codarea":"3513801"}},{"type":"Feature","geometry":{"type":"Polygon","coordinates":[[[-50.672,-20.438],[-50.656,-20.517],[-50.625,-20.508],[-50.596,-20.471],[-50.576,-20.398],[-50.613,-20.376],[-50.672,-20.438]]]},"properties":{"codarea":"3513850"}},{"type":"Feature","geometry":{"type":"Polygon","coordinates":[[[-46.805,-21.66],[-46.796,-21.686],[-46.734,-21.708],[-46.691,-21.714],[-46.662,-21.751],[-46.631,-21.769],[-46.614,-21.677],[-46.61,-21.648],[-46.641,-21.602],[-46.694,-21.612],[-46.727,-21.577],[-46.76,-21.572],[-46.777,-21.647],[-46.805,-21.66]]]},"properties":{"codarea":"3513900"}},{"type":"Feature","geometry":{"type":"Polygon","coordinates":[[[-48.471,-21.513],[-48.447,-21.546],[-48.351,-21.543],[-48.322,-21.55],[-48.263,-21.534],[-48.235,-21.474],[-48.283,-21.481],[-48.324,-21.484],[-48.369,-21.505],[-48.394,-21.492],[-48.464,-21.49],[-48.471,-21.513]]]},"properties":{"codarea":"3514007"}},{"type":"Feature","geometry":{"type":"Polygon","coordinates":[[[-48.481,-22.356],[-48.413,-22.381],[-48.399,-22.439],[-48.364,-22.495],[-48.36,-22.563],[-48.385,-22.58],[-48.365,-22.609],[-48.334,-22.625],[-48.278,-22.596],[-48.261,-22.605],[-48.248,-22.578],[-48.26,-22.54],[-48.235,-22.52],[-48.272,-22.529],[-48.279,-22.498],[-48.243,-22.479],[-48.279,-22.427],[-48.239,-22.367],[-48.293,-22.267],[-48.328,-22.265],[-48.314,-22.199],[-48.342,-22.181],[-48.394,-22.192],[-48.426,-22.273],[-48.456,-22.331],[-48.481,-22.356]]]},"properties":{"codarea":"3514106"}},{"type":"Feature","geometry":{"type":"Polygon","coordinates":[[[-50.585,-20.141],[-50.52,-20.176],[-50.481,-20.154],[-50.519,-20.067],[-50.519,-20.036],[-50.56,-20.092],[-50.551,-20.113],[-50.585,-20.141]]]},"properties":{"codarea":"3514205"}},{"type":"Feature","geometry":{"type":"Polygon","coordinates":[[[-48.299,-22.064],[-48.323,-22.078],[-48.348,-22.047],[-48.395,-22.043],[-48.441,-22.061],[-48.445,-22.063],[-48.396,-22.122],[-48.388,-22.159],[-48.342,-22.181],[-48.314,-22.199],[-48.256,-22.177],[-48.256,-22.155],[-48.251,-22.121],[-48.299,-22.064]]]},"properties":{"codarea":"3514304"}},{"type":"Feature","geometry":{"type":"Polygon","coordinates":[[[-51.485,-21.428],[-51.544,-21.454],[-51.584,-21.44],[-51.644,-21.443],[-51.669,-21.433],[-51.68,-21.477],[-51.647,-21.511],[-51.714,-21.596],[-51.698,-21.634],[-51.654,-21.643],[-51.611,-21.675],[-51.537,-21.684],[-51.496,-21.638],[-51.508,-21.588],[-51.477,-21.526],[-51.489,-21.46],[-51.485,-21.428]]]},"properties":{"codarea":"3514403"}},{"type":"Feature","geometry":{"type":"Polygon","coordinates":[[[-49.423,-22.294],[-49.459,-22.337],[-49.513,-22.396],[-49.477,-22.418],[-49.503,-22.479],[-49.485,-22.503],[-49.45,-22.493],[-49.394,-22.45],[-49.367,-22.439],[-49.355,-22.408],[-49.317,-22.389],[-49.324,-22.369],[-49.285,-22.345],[-49.324,-22.321],[-49.408,-22.319],[-49.423,-22.294]]]},"properties":{"codarea":"3514502"}},{"type":"Feature","geometry":{"type":"Polygon","coordinates":[[[-48.042,-21.203],[-48.052,-21.229],[-48.028,-21.277],[-47.995,-21.305],[-47.989,-21.309],[-47.926,-21.267],[-47.922,-21.242],[-47.943,-21.2],[-47.989,-21.217],[-48.042,-21.203]]]},"properties":{"codarea":"3514601"}},{"type":"Feature","geometry":{"type":"Polygon","coordinates":[[[-50.301,-22.546],[-50.264,-22.563],[-50.224,-22.527],[-50.186,-22.544],[-50.169,-22.593],[-50.139,-22.574],[-50.119,-22.559],[-50.088,-22.491],[-50.069,-22.493],[-50.107,-22.416],[-50.138,-22.338],[-50.126,-22.287],[-50.15,-22.261],[-50.173,-22.246],[-50.183,-22.263],[-50.169,-22.32],[-50.229,-22.354],[-50.237,-22.379],[-50.336,-22.455],[-50.35,-22.479],[-50.328,-22.526],[-50.301,-22.546]]]},"properties":{"codarea":"3514700"}},{"type":"Feature","geometry":{"type":"Polygon","coordinates":[[[-48.085,-24.581],[-48.053,-24.533],[-48.013,-24.51],[-48.007,-24.452],[-48.014,-24.378],[-48.065,-24.325],[-48.117,-24.319],[-48.104,-24.281],[-48.139,-24.194],[-48.144,-24.222],[-48.205,-24.263],[-48.241,-24.263],[-48.281,-24.282],[-48.317,-24.313],[-48.361,-24.283],[-48.383,-24.304],[-48.354,-24.327],[-48.368,-24.39],[-48.352,-24.459],[-48.393,-24.49],[-48.398,-24.524],[-48.429,-24.532],[-48.402,-24.571],[-48.447,-24.599],[-48.465,-24.66],[-48.444,-24.652],[-48.378,-24.767],[-48.341,-24.802],[-48.296,-24.801],[-48.29,-24.777],[-48.307,-24.732],[-48.24,-24.697],[-48.226,-24.678],[-48.162,-24.643],[-48.129,-24.649],[-48.126,-24.596],[-48.085,-24.581]]]},"properties":{"codarea":"3514809"}},{"type":"Feature","geometry":{"type":"Polygon","coordinates":[[[-47.301,-23.113],[-47.278,-23.071],[-47.291,-23.044],[-47.389,-22.984],[-47.446,-23.022],[-47.428,-23.101],[-47.412,-23.119],[-47.419,-23.169],[-47.39,-23.155],[-47.301,-23.113]]]},"properties":{"codarea":"3514908"}},{"type":"Feature","geometry":{"type":"Polygon","coordinates":[[[-49.091,-21.221],[-49.059,-21.192],[-49.021,-21.18],[-49.046,-21.136],[-49.076,-21.131],[-49.12,-21.085],[-49.123,-21.136],[-49.153,-21.185],[-49.145,-21.187],[-49.109,-21.197],[-49.091,-21.221]]]},"properties":{"codarea":"3514924"}},{"type":"Feature","geometry":{"type":"Polygon","coordinates":[[[-48.796,-20.936],[-48.842,-20.913],[-48.883,-20.913],[-48.907,-20.892],[-48.909,-20.915],[-48.86,-21.006],[-48.844,-21.015],[-48.805,-20.987],[-48.796,-20.936]]]},"properties":{"codarea":"3514957"}},{"type":"Feature","geometry":{"type":"Polygon","coordinates":[[[-46.888,-23.668],[-46.872,-23.683],[-46.827,-23.676],[-46.801,-23.685],[-46.793,-23.647],[-46.81,-23.61],[-46.837,-23.626],[-46.88,-23.619],[-46.918,-23.657],[-46.888,-23.668]]]},"properties":{"codarea":"3515004"}},{"type":"Feature","geometry":{"type":"Polygon","coordinates":[[[-46.811,-23.921],[-46.777,-23.893],[-46.763,-23.828],[-46.801,-23.81],[-46.777,-23.767],[-46.823,-23.768],[-46.872,-23.797],[-46.886,-23.841],[-46.849,-23.863],[-46.912,-23.934],[-46.859,-23.938],[-46.811,-23.921]]]},"properties":{"codarea":"3515103"}},{"type":"Feature","geometry":{"type":"Polygon","coordinates":[[[-51.574,-21.851],[-51.528,-21.866],[-51.423,-21.874],[-51.391,-21.808],[-51.395,-21.745],[-51.457,-21.742],[-51.496,-21.707],[-51.512,-21.702],[-51.532,-21.743],[-51.525,-21.774],[-51.553,-21.835],[-51.574,-21.851]]]},"properties":{"codarea":"3515129"}},{"type":"Feature","geometry":{"type":"Polygon","coordinates":[[[-47.136,-22.47],[-47.154,-22.482],[-47.189,-22.433],[-47.212,-22.431],[-47.253,-22.477],[-47.237,-22.521],[-47.169,-22.517],[-47.124,-22.526],[-47.096,-22.508],[-47.086,-22.474],[-47.136,-22.47]]]},"properties":{"codarea":"3515152"}},{"type":"Feature","geometry":{"type":"Polygon","coordinates":[[[-46.791,-22.297],[-46.768,-22.286],[-46.723,-22.307],[-46.707,-22.258],[-46.68,-22.216],[-46.672,-22.178],[-46.713,-22.174],[-46.751,-22.13],[-46.747,-22.092],[-46.802,-22.083],[-46.843,-22.095],[-46.892,-22.086],[-46.875,-22.113],[-46.865,-22.131],[-46.9,-22.176],[-46.897,-22.205],[-46.9,-22.246],[-46.823,-22.267],[-46.791,-22.297]]]},"properties":{"codarea":"3515186"}},{"type":"Feature","geometry":{"type":"Polygon","coordinates":[[[-49.454,-22.584],[-49.507,-22.646],[-49.495,-22.727],[-49.417,-22.739],[-49.38,-22.734],[-49.34,-22.666],[-49.351,-22.643],[-49.419,-22.621],[-49.454,-22.584]]]},"properties":{"codarea":"3515194"}},{"type":"Feature","geometry":{"type":"Polygon","coordinates":[[[-50.339,-20.338],[-50.331,-20.302],[-50.362,-20.259],[-50.354,-20.234],[-50.389,-20.106],[-50.394,-20.104],[-50.414,-20.144],[-50.451,-20.159],[-50.466,-20.196],[-50.466,-20.237],[-50.458,-20.274],[-50.468,-20.315],[-50.469,-20.39],[-50.43,-20.412],[-50.42,-20.381],[-50.39,-20.344],[-50.339,-20.338]]]},"properties":{"codarea":"3515202"}},{"type":"Feature","geometry":{"type":"Polygon","coordinates":[[[-51.571,-22.399],[-51.59,-22.399],[-51.657,-22.443],[-51.681,-22.434],[-51.711,-22.392],[-51.73,-22.421],[-51.729,-22.45],[-51.755,-22.471],[-51.784,-22.535],[-51.685,-22.549],[-51.65,-22.572],[-51.618,-22.558],[-51.592,-22.494],[-51.573,-22.489],[-51.571,-22.399]]]},"properties":{"codarea":"3515301"}},{"type":"Feature","geometry":{"type":"Polygon","coordinates":[[[-52.446,-22.608],[-52.46,-22.508],[-52.486,-22.411],[-52.512,-22.388],[-52.555,-22.392],[-52.58,-22.412],[-52.612,-22.402],[-52.634,-22.431],[-52.679,-22.455],[-52.732,-22.525],[-52.764,-22.609],[-52.697,-22.627],[-52.589,-22.566],[-52.538,-22.616],[-52.499,-22.634],[-52.446,-22.608]]]},"properties":{"codarea":"3515350"}},{"type":"Feature","geometry":{"type":"Polygon","coordinates":[[[-49.395,-23.395],[-49.395,-23.358],[-49.418,-23.337],[-49.442,-23.336],[-49.521,-23.306],[-49.54,-23.281],[-49.56,-23.259],[-49.627,-23.282],[-49.622,-23.332],[-49.638,-23.349],[-49.595,-23.367],[-49.602,-23.409],[-49.582,-23.429],[-49.598,-23.458],[-49.567,-23.494],[-49.514,-23.508],[-49.476,-23.541],[-49.44,-23.489],[-49.452,-23.474],[-49.448,-23.421],[-49.395,-23.395]]]},"properties":{"codarea":"3515400"}},{"type":"Feature","geometry":{"type":"Polygon","coordinates":[[[-50.145,-20.314],[-50.164,-20.242],[-50.23,-20.219],[-50.222,-20.205],[-50.225,-20.177],[-50.27,-20.135],[-50.258,-20.107],[-50.309,-20.089],[-50.328,-20.105],[-50.389,-20.106],[-50.354,-20.234],[-50.362,-20.259],[-50.331,-20.302],[-50.339,-20.338],[-50.322,-20.407],[-50.376,-20.452],[-50.373,-20.473],[-50.311,-20.469],[-50.261,-20.413],[-50.22,-20.381],[-50.23,-20.362],[-50.209,-20.329],[-50.145,-20.314]]]},"properties":{"codarea":"3515509"}},{"type":"Feature","geometry":{"type":"Polygon","coordinates":[[[-48.685,-21.383],[-48.67,-21.338],[-48.619,-21.287],[-48.654,-21.231],[-48.696,-21.221],[-48.741,-21.246],[-48.733,-21.295],[-48.754,-21.421],[-48.726,-21.42],[-48.685,-21.383]]]},"properties":{"codarea":"3515608"}},{"type":"Feature","geometry":{"type":"Polygon","coordinates":[[[-49.459,-22.337],[-49.481,-22.32],[-49.571,-22.325],[-49.6,-22.369],[-49.604,-22.443],[-49.556,-22.392],[-49.513,-22.396],[-49.459,-22.337]]]},"properties":{"codarea":"3515657"}},{"type":"Feature","geometry":{"type":"Polygon","coordinates":[[[-46.35,-23.573],[-46.366,-23.512],[-46.392,-23.53],[-46.378,-23.588],[-46.395,-23.613],[-46.384,-23.618],[-46.383,-23.618],[-46.35,-23.573]]]},"properties":{"codarea":"3515707"}},{"type":"Feature","geometry":{"type":"Polygon","coordinates":[[[-51.395,-21.745],[-51.373,-21.741],[-51.343,-21.775],[-51.284,-21.722],[-51.265,-21.675],[-51.323,-21.657],[-51.355,-21.636],[-51.393,-21.629],[-51.414,-21.643],[-51.496,-21.707],[-51.457,-21.742],[-51.395,-21.745]]]},"properties":{"codarea":"3515806"}},{"type":"Feature","geometry":{"type":"Polygon","coordinates":[[[-50.138,-20.521],[-50.16,-20.561],[-50.171,-20.616],[-50.212,-20.68],[-50.213,-20.705],[-50.251,-20.737],[-50.166,-20.755],[-50.143,-20.78],[-50.114,-20.764],[-50.123,-20.683],[-50.089,-20.631],[-50.114,-20.6],[-50.129,-20.557],[-50.12,-20.522],[-50.138,-20.521]]]},"properties":{"codarea":"3515905"}},{"type":"Feature","geometry":{"type":"Polygon","coordinates":[[[-51.177,-21.692],[-51.162,-21.661],[-51.11,-21.647],[-51.08,-21.615],[-51.105,-21.564],[-51.109,-21.529],[-51.087,-21.431],[-51.059,-21.399],[-51.1,-21.37],[-51.145,-21.374],[-51.164,-21.384],[-51.214,-21.355],[-51.207,-21.415],[-51.235,-21.45],[-51.231,-21.576],[-51.246,-21.593],[-51.233,-21.629],[-51.265,-21.675],[-51.284,-21.722],[-51.242,-21.736],[-51.208,-21.702],[-51.177,-21.692]]]},"properties":{"codarea":"3516002"}},{"type":"Feature","geometry":{"type":"Polygon","coordinates":[[[-50.718,-22.801],[-50.716,-22.827],[-50.761,-22.881],[-50.824,-22.866],[-50.793,-22.905],[-50.796,-22.951],[-50.71,-22.953],[-50.682,-22.906],[-50.637,-22.907],[-50.604,-22.923],[-50.577,-22.904],[-50.578,-22.883],[-50.552,-22.841],[-50.605,-22.873],[-50.645,-22.839],[-50.706,-22.773],[-50.718,-22.801]]]},"properties":{"codarea":"3516101"}},{"type":"Feature","geometry":{"type":"Polygon","coordinates":[[[-47.529,-20.563],[-47.469,-20.564],[-47.449,-20.599],[-47.398,-20.614],[-47.42,-20.643],[-47.413,-20.666],[-47.468,-20.689],[-47.509,-20.725],[-47.495,-20.748],[-47.453,-20.76],[-47.424,-20.736],[-47.367,-20.712],[-47.347,-20.671],[-47.358,-20.624],[-47.299,-20.552],[-47.263,-20.548],[-47.24,-20.523],[-47.197,-20.558],[-47.182,-20.54],[-47.144,-20.541],[-47.154,-20.52],[-47.224,-20.491],[-47.291,-20.451],[-47.294,-20.419],[-47.351,-20.437],[-47.394,-20.436],[-47.414,-20.459],[-47.5,-20.456],[-47.509,-20.488],[-47.553,-20.513],[-47.529,-20.563]]]},"properties":{"codarea":"3516200"}},{"type":"Feature","geometry":{"type":"Polygon","coordinates":[[[-46.784,-23.265],[-46.752,-23.302],[-46.718,-23.302],[-46.638,-23.258],[-46.704,-23.252],[-46.744,-23.25],[-46.784,-23.265]]]},"properties":{"codarea":"3516309"}},{"type":"Feature","geometry":{"type":"Polygon","coordinates":[[[-46.824,-23.331],[-46.781,-23.349],[-46.689,-23.368],[-46.67,-23.363],[-46.637,-23.306],[-46.637,-23.258],[-46.638,-23.258],[-46.718,-23.302],[-46.752,-23.302],[-46.784,-23.265],[-46.803,-23.257],[-46.838,-23.288],[-46.824,-23.331]]]},"properties":{"codarea":"3516408"}},{"type":"Feature","geometry":{"type":"Polygon","coordinates":[[[-50.554,-21.45],[-50.582,-21.442],[-50.622,-21.452],[-50.653,-21.493],[-50.607,-21.507],[-50.587,-21.539],[-50.541,-21.574],[-50.493,-21.522],[-50.517,-21.464],[-50.554,-21.45]]]},"properties":{"codarea":"3516507"}},{"type":"Feature","geometry":{"type":"Polygon","coordinates":[[[-49.604,-22.443],[-49.6,-22.369],[-49.571,-22.325],[-49.481,-22.32],[-49.459,-22.337],[-49.423,-22.294],[-49.459,-22.241],[-49.489,-22.235],[-49.512,-22.189],[-49.53,-22.182],[-49.555,-22.221],[-49.653,-22.268],[-49.633,-22.332],[-49.656,-22.373],[-49.729,-22.377],[-49.704,-22.439],[-49.684,-22.466],[-49.651,-22.44],[-49.629,-22.469],[-49.604,-22.443]]]},"properties":{"codarea":"3516606"}},{"type":"Feature","geometry":{"type":"Polygon","coordinates":[[[-49.634,-22.076],[-49.646,-22.123],[-49.707,-22.142],[-49.761,-22.11],[-49.825,-22.113],[-49.798,-22.177],[-49.75,-22.203],[-49.757,-22.252],[-49.743,-22.293],[-49.8,-22.298],[-49.845,-22.322],[-49.855,-22.357],[-49.788,-22.351],[-49.75,-22.357],[-49.736,-22.382],[-49.729,-22.377],[-49.656,-22.373],[-49.633,-22.332],[-49.653,-22.268],[-49.555,-22.221],[-49.53,-22.182],[-49.528,-22.152],[-49.556,-22.13],[-49.569,-22.139],[-49.634,-22.076]]]},"properties":{"codarea":"3516705"}},{"type":"Feature","geometry":{"type":"Polygon","coordinates":[[[-50.291,-20.836],[-50.24,-20.837],[-50.213,-20.866],[-50.164,-20.875],[-50.121,-20.831],[-50.114,-20.764],[-50.143,-20.78],[-50.166,-20.755],[-50.251,-20.737],[-50.265,-20.752],[-50.291,-20.836]]]},"properties":{"codarea":"3516804"}},{"type":"Feature","geometry":{"type":"Polygon","coordinates":[[[-48.594,-21.846],[-48.569,-21.865],[-48.517,-21.869],[-48.45,-21.845],[-48.397,-21.854],[-48.368,-21.797],[-48.361,-21.754],[-48.343,-21.747],[-48.331,-21.697],[-48.346,-21.689],[-48.444,-21.724],[-48.448,-21.753],[-48.504,-21.794],[-48.539,-21.796],[-48.595,-21.829],[-48.594,-21.846]]]},"properties":{"codarea":"3516853"}},{"type":"Feature","geometry":{"type":"Polygon","coordinates":[[[-50.296,-20.713],[-50.285,-20.651],[-50.303,-20.634],[-50.286,-20.586],[-50.315,-20.571],[-50.396,-20.568],[-50.451,-20.52],[-50.449,-20.486],[-50.528,-20.509],[-50.554,-20.528],[-50.519,-20.537],[-50.507,-20.588],[-50.511,-20.623],[-50.48,-20.654],[-50.477,-20.688],[-50.502,-20.724],[-50.506,-20.762],[-50.432,-20.797],[-50.414,-20.739],[-50.398,-20.723],[-50.296,-20.713]]]},"properties":{"codarea":"3516903"}},{"type":"Feature","geometry":{"type":"Polygon","coordinates":[[[-49.913,-21.706],[-49.944,-21.698],[-50.024,-21.701],[-50.073,-21.684],[-50.108,-21.684],[-50.159,-21.682],[-50.246,-21.697],[-50.273,-21.709],[-50.259,-21.738],[-50.153,-21.786],[-50.128,-21.817],[-50.06,-21.875],[-50.011,-21.925],[-49.967,-21.94],[-49.947,-21.903],[-49.897,-21.871],[-49.866,-21.825],[-49.839,-21.761],[-49.869,-21.741],[-49.913,-21.706]]]},"properties":{"codarea":"3517000"}},{"type":"Feature","geometry":{"type":"Polygon","coordinates":[[[-50.259,-21.494],[-50.234,-21.464],[-50.151,-21.418],[-50.164,-21.329],[-50.141,-21.312],[-50.139,-21.208],[-50.129,-21.195],[-50.151,-21.14],[-50.157,-21.136],[-50.181,-21.184],[-50.185,-21.239],[-50.206,-21.258],[-50.205,-21.282],[-50.241,-21.312],[-50.254,-21.401],[-50.3,-21.457],[-50.259,-21.494]]]},"properties":{"codarea":"3517109"}},{"type":"Feature","geometry":{"type":"Polygon","coordinates":[[[-49.869,-21.741],[-49.833,-21.7],[-49.788,-21.694],[-49.79,-21.651],[-49.73,-21.589],[-49.687,-21.523],[-49.633,-21.489],[-49.637,-21.46],[-49.696,-21.402],[-49.697,-21.363],[-49.714,-21.375],[-49.716,-21.452],[-49.706,-21.466],[-49.741,-21.507],[-49.762,-21.553],[-49.814,-21.559],[-49.843,-21.618],[-49.85,-21.675],[-49.895,-21.682],[-49.913,-21.706],[-49.869,-21.741]]]},"properties":{"codarea":"3517208"}},{"type":"Feature","geometry":{"type":"Polygon","coordinates":[[[-49.839,-21.761],[-49.866,-21.825],[-49.897,-21.871],[-49.947,-21.903],[-49.967,-21.94],[-49.882,-21.97],[-49.827,-21.946],[-49.809,-21.89],[-49.772,-21.804],[-49.839,-21.761]]]},"properties":{"codarea":"3517307"}},{"type":"Feature","geometry":{"type":"Polygon","coordinates":[[[-48.211,-20.455],[-48.179,-20.39],[-48.189,-20.34],[-48.15,-20.29],[-48.156,-20.236],[-48.217,-20.22],[-48.228,-20.2],[-48.266,-20.208],[-48.349,-20.186],[-48.362,-20.149],[-48.431,-20.148],[-48.452,-20.126],[-48.491,-20.138],[-48.537,-20.134],[-48.593,-20.136],[-48.647,-20.167],[-48.593,-20.175],[-48.576,-20.205],[-48.52,-20.246],[-48.51,-20.299],[-48.482,-20.351],[-48.478,-20.428],[-48.447,-20.46],[-48.404,-20.525],[-48.384,-20.537],[-48.352,-20.524],[-48.326,-20.532],[-48.284,-20.499],[-48.281,-20.471],[-48.211,-20.455]]]},"properties":{"codarea":"3517406"}},{"type":"Feature","geometry":{"type":"Polygon","coordinates":[[[-49.099,-20.783],[-49.118,-20.74],[-49.129,-20.676],[-49.119,-20.604],[-49.131,-20.595],[-49.179,-20.662],[-49.221,-20.679],[-49.267,-20.68],[-49.282,-20.771],[-49.257,-20.851],[-49.205,-20.839],[-49.181,-20.816],[-49.142,-20.825],[-49.099,-20.783]]]},"properties":{"codarea":"3517505"}},{"type":"Feature","geometry":{"type":"Polygon","coordinates":[[[-48.421,-24.18],[-48.475,-24.16],[-48.569,-24.091],[-48.597,-24.09],[-48.646,-24.117],[-48.661,-24.143],[-48.626,-24.198],[-48.65,-24.238],[-48.634,-24.307],[-48.645,-24.332],[-48.605,-24.332],[-48.556,-24.287],[-48.535,-24.32],[-48.431,-24.264],[-48.448,-24.215],[-48.421,-24.18]]]},"properties":{"codarea":"3517604"}},{"type":"Feature","geometry":{"type":"Polygon","coordinates":[[[-47.917,-20.434],[-47.881,-20.435],[-47.837,-20.535],[-47.809,-20.543],[-47.788,-20.581],[-47.743,-20.596],[-47.712,-20.559],[-47.645,-20.515],[-47.627,-20.48],[-47.634,-20.467],[-47.698,-20.455],[-47.744,-20.434],[-47.802,-20.392],[-47.891,-20.391],[-47.914,-20.416],[-47.917,-20.434]]]},"properties":{"codarea":"3517703"}},{"type":"Feature","geometry":{"type":"Polygon","coordinates":[[[-51.242,-20.858],[-51.198,-20.95],[-51.266,-21.041],[-51.297,-21.041],[-51.32,-21.065],[-51.33,-21.111],[-51.376,-21.116],[-51.405,-21.135],[-51.422,-21.173],[-51.479,-21.209],[-51.486,-21.233],[-51.434,-21.246],[-51.385,-21.284],[-51.329,-21.293],[-51.311,-21.245],[-51.307,-21.172],[-51.267,-21.148],[-51.249,-21.105],[-51.207,-21.093],[-51.168,-21.041],[-51.135,-21.035],[-51.117,-20.989],[-51.13,-20.945],[-51.143,-20.855],[-51.188,-20.864],[-51.242,-20.858]]]},"properties":{"codarea":"3517802"}},{"type":"Feature","geometry":{"type":"Polygon","coordinates":[[[-48.852,-20.545],[-48.887,-20.49],[-48.886,-20.437],[-48.904,-20.439],[-48.963,-20.403],[-48.966,-20.279],[-48.972,-20.208],[-48.986,-20.171],[-49.033,-20.15],[-49.066,-20.154],[-49.121,-20.27],[-49.094,-20.29],[-49.09,-20.338],[-49.075,-20.356],[-49.089,-20.419],[-49.011,-20.512],[-49.015,-20.57],[-48.99,-20.582],[-48.883,-20.546],[-48.852,-20.545]]]},"properties":{"codarea":"3517901"}},{"type":"Feature","geometry":{"type":"Polygon","coordinates":[[[-50.332,-20.036],[-50.363,-20.033],[-50.377,-20.056],[-50.423,-20.055],[-50.394,-20.104],[-50.389,-20.106],[-50.328,-20.105],[-50.309,-20.089],[-50.285,-20.064],[-50.295,-20.017],[-50.332,-20.036]]]},"properties":{"codarea":"3518008"}},{"type":"Feature","geometry":{"type":"Polygon","coordinates":[[[-49.403,-21.826],[-49.431,-21.779],[-49.456,-21.784],[-49.546,-21.857],[-49.566,-21.832],[-49.611,-21.87],[-49.659,-21.86],[-49.734,-21.941],[-49.755,-22.009],[-49.741,-22.026],[-49.696,-22.044],[-49.691,-22.031],[-49.585,-21.985],[-49.55,-22.01],[-49.534,-21.957],[-49.506,-21.92],[-49.422,-21.864],[-49.403,-21.826]]]},"properties":{"codarea":"3518107"}},{"type":"Feature","geometry":{"type":"Polygon","coordinates":[[[-50.622,-21.452],[-50.604,-21.416],[-50.603,-21.365],[-50.573,-21.296],[-50.545,-21.252],[-50.572,-21.192],[-50.639,-21.071],[-50.641,-21.047],[-50.695,-21.032],[-50.797,-20.985],[-50.802,-21.06],[-50.746,-21.095],[-50.756,-21.136],[-50.795,-21.187],[-50.736,-21.199],[-50.754,-21.263],[-50.72,-21.247],[-50.694,-21.262],[-50.694,-21.309],[-50.722,-21.381],[-50.752,-21.385],[-50.796,-21.44],[-50.842,-21.454],[-50.874,-21.489],[-50.868,-21.526],[-50.816,-21.54],[-50.809,-21.56],[-50.773,-21.545],[-50.749,-21.524],[-50.7,-21.527],[-50.653,-21.493],[-50.622,-21.452]]]},"properties":{"codarea":"3518206"}},{"type":"Feature","geometry":{"type":"Polygon","coordinates":[[[-46.157,-23.343],[-46.16,-23.388],[-46.14,-23.44],[-46.074,-23.452],[-46.054,-23.489],[-46.077,-23.515],[-46.057,-23.542],[-45.993,-23.52],[-45.962,-23.497],[-45.952,-23.451],[-45.987,-23.42],[-46.002,-23.385],[-46.029,-23.392],[-46.102,-23.309],[-46.157,-23.343]]]},"properties":{"codarea":"3518305"}},{"type":"Feature","geometry":{"type":"Polygon","coordinates":[[[-45.237,-22.824],[-45.2,-22.841],[-45.212,-22.942],[-45.195,-22.977],[-45.234,-23.001],[-45.197,-22.998],[-45.156,-23.015],[-45.111,-23.008],[-45.082,-22.965],[-45.029,-22.921],[-45.06,-22.885],[-45.101,-22.878],[-45.132,-22.821],[-45.145,-22.743],[-45.179,-22.712],[-45.204,-22.656],[-45.253,-22.632],[-45.269,-22.611],[-45.333,-22.618],[-45.4,-22.654],[-45.439,-22.703],[-45.397,-22.749],[-45.398,-22.782],[-45.346,-22.789],[-45.237,-22.824]]]},"properties":{"codarea":"3518404"}},{"type":"Feature","geometry":{"type":"Polygon","coordinates":[[[-48.193,-23.49],[-48.117,-23.457],[-48.078,-23.419],[-48.049,-23.424],[-48.054,-23.389],[-48.083,-23.373],[-48.081,-23.328],[-48.139,-23.271],[-48.155,-23.262],[-48.195,-23.295],[-48.241,-23.28],[-48.3,-23.258],[-48.336,-23.268],[-48.36,-23.303],[-48.38,-23.316],[-48.356,-23.375],[-48.37,-23.408],[-48.332,-23.424],[-48.308,-23.417],[-48.262,-23.467],[-48.193,-23.49]]]},"properties":{"codarea":"3518503"}},{"type":"Feature","geometry":{"type":"Polygon","coordinates":[[[-48.336,-21.385],[-48.337,-21.426],[-48.286,-21.436],[-48.283,-21.481],[-48.235,-21.474],[-48.114,-21.421],[-48.146,-21.37],[-48.142,-21.318],[-48.175,-21.314],[-48.208,-21.335],[-48.26,-21.32],[-48.274,-21.353],[-48.312,-21.361],[-48.336,-21.385]]]},"properties":{"codarea":"3518602"}},{"type":"Feature","geometry":{"type":"Polygon","coordinates":[[[-46.306,-23.993],[-46.32,-24.024],[-46.24,-23.991],[-46.198,-23.995],[-46.166,-23.944],[-46.133,-23.857],[-46.178,-23.889],[-46.238,-23.922],[-46.297,-23.916],[-46.312,-23.928],[-46.29,-23.984],[-46.306,-23.993]]]},"properties":{"codarea":"3518701"}},{"type":"Feature","geometry":{"type":"Polygon","coordinates":[[[-46.387,-23.475],[-46.394,-23.449],[-46.358,-23.437],[-46.378,-23.401],[-46.37,-23.365],[-46.337,-23.335],[-46.358,-23.317],[-46.364,-23.274],[-46.419,-23.316],[-46.448,-23.358],[-46.496,-23.348],[-46.535,-23.363],[-46.567,-23.415],[-46.571,-23.459],[-46.547,-23.506],[-46.511,-23.479],[-46.461,-23.483],[-46.387,-23.475]]]},"properties":{"codarea":"3518800"}},{"type":"Feature","geometry":{"type":"Polygon","coordinates":[[[-48.074,-21.479],[-48.031,-21.515],[-48.027,-21.539],[-47.964,-21.598],[-47.927,-21.576],[-47.887,-21.501],[-47.902,-21.461],[-47.895,-21.38],[-47.906,-21.368],[-47.939,-21.359],[-47.989,-21.309],[-47.995,-21.305],[-48.023,-21.333],[-48.03,-21.38],[-48.109,-21.429],[-48.074,-21.479]]]},"properties":{"codarea":"3518859"}},{"type":"Feature","geometry":{"type":"Polygon","coordinates":[[[-50.8,-20.671],[-50.751,-20.681],[-50.723,-20.707],[-50.685,-20.708],[-50.664,-20.706],[-50.617,-20.659],[-50.677,-20.57],[-50.679,-20.53],[-50.725,-20.527],[-50.769,-20.545],[-50.764,-20.621],[-50.802,-20.602],[-50.8,-20.671]]]},"properties":{"codarea":"3518909"}},{"type":"Feature","geometry":{"type":"Polygon","coordinates":[[[-50.484,-22.081],[-50.408,-22.081],[-50.345,-22.062],[-50.343,-22.015],[-50.318,-22.01],[-50.309,-21.977],[-50.285,-21.959],[-50.27,-21.842],[-50.309,-21.853],[-50.338,-21.806],[-50.362,-21.828],[-50.361,-21.856],[-50.405,-21.86],[-50.415,-21.964],[-50.439,-21.987],[-50.498,-22.014],[-50.484,-22.081]]]},"properties":{"codarea":"3519006"}},{"type":"Feature","geometry":{"type":"Polygon","coordinates":[[[-47.055,-22.571],[-47.087,-22.588],[-47.097,-22.635],[-47.103,-22.69],[-47.074,-22.68],[-47.031,-22.619],[-47.048,-22.57],[-47.055,-22.571]]]},"properties":{"codarea":"3519055"}},{"type":"Feature","geometry":{"type":"Polygon","coordinates":[[[-47.247,-22.91],[-47.179,-22.912],[-47.158,-22.861],[-47.189,-22.858],[-47.228,-22.827],[-47.258,-22.899],[-47.247,-22.91]]]},"properties":{"codarea":"3519071"}},{"type":"Feature","geometry":{"type":"Polygon","coordinates":[[[-49.134,-22.05],[-49.107,-22.023],[-49.053,-22.004],[-49.024,-22.016],[-48.966,-21.982],[-48.961,-21.963],[-48.903,-21.933],[-48.892,-21.907],[-48.906,-21.868],[-48.965,-21.85],[-48.99,-21.827],[-48.964,-21.789],[-48.973,-21.759],[-49.04,-21.774],[-49.084,-21.756],[-49.105,-21.751],[-49.129,-21.776],[-49.151,-21.829],[-49.152,-21.86],[-49.123,-21.922],[-49.142,-21.947],[-49.118,-21.999],[-49.134,-22.05]]]},"properties":{"codarea":"3519105"}},{"type":"Feature","geometry":{"type":"Polygon","coordinates":[[[-50.737,-21.878],[-50.669,-21.894],[-50.665,-21.935],[-50.622,-21.917],[-50.599,-21.844],[-50.54,-21.815],[-50.517,-21.71],[-50.571,-21.692],[-50.61,-21.657],[-50.615,-21.659],[-50.61,-21.69],[-50.638,-21.745],[-50.635,-21.767],[-50.718,-21.799],[-50.711,-21.847],[-50.737,-21.878]]]},"properties":{"codarea":"3519204"}},{"type":"Feature","geometry":{"type":"Polygon","coordinates":[[[-49.183,-22.724],[-49.173,-22.772],[-49.178,-22.838],[-49.21,-22.87],[-49.172,-22.909],[-49.172,-22.94],[-49.15,-22.959],[-49.121,-22.929],[-49.05,-22.912],[-49.039,-22.887],[-49.005,-22.887],[-48.983,-22.84],[-49.031,-22.834],[-49.031,-22.763],[-49.095,-22.698],[-49.095,-22.667],[-49.151,-22.684],[-49.183,-22.724]]]},"properties":{"codarea":"3519253"}},{"type":"Feature","geometry":{"type":"Polygon","coordinates":[[[-47.969,-21.82],[-47.991,-21.848],[-47.979,-21.87],[-48.013,-21.887],[-48.04,-21.873],[-48.07,-21.953],[-48.103,-21.952],[-48.166,-21.972],[-48.091,-22.06],[-48.047,-22.025],[-47.996,-22.03],[-47.966,-21.984],[-47.924,-21.897],[-47.929,-21.845],[-47.969,-21.82]]]},"properties":{"codarea":"3519303"}},{"type":"Feature","geometry":{"type":"Polygon","coordinates":[[[-49.316,-21.127],[-49.255,-21.135],[-49.227,-21.125],[-49.185,-21.145],[-49.153,-21.185],[-49.123,-21.136],[-49.12,-21.085],[-49.131,-21.07],[-49.173,-21.052],[-49.213,-20.985],[-49.258,-20.959],[-49.275,-21.007],[-49.311,-21.009],[-49.292,-21.093],[-49.316,-21.127]]]},"properties":{"codarea":"3519402"}},{"type":"Feature","geometry":{"type":"Polygon","coordinates":[[[-50.053,-22.905],[-50.009,-22.787],[-50.01,-22.784],[-50.023,-22.75],[-50.079,-22.692],[-50.106,-22.681],[-50.123,-22.715],[-50.113,-22.768],[-50.099,-22.782],[-50.127,-22.848],[-50.133,-22.94],[-50.053,-22.905]]]},"properties":{"codarea":"3519501"}},{"type":"Feature","geometry":{"type":"Polygon","coordinates":[[[-48.67,-21.832],[-48.705,-21.831],[-48.741,-21.776],[-48.741,-21.697],[-48.727,-21.687],[-48.776,-21.699],[-48.795,-21.716],[-48.838,-21.674],[-48.875,-21.655],[-48.911,-21.674],[-48.96,-21.699],[-49.005,-21.699],[-49.084,-21.756],[-49.04,-21.774],[-48.973,-21.759],[-48.964,-21.789],[-48.99,-21.827],[-48.965,-21.85],[-48.906,-21.868],[-48.892,-21.907],[-48.878,-21.921],[-48.833,-21.895],[-48.727,-21.891],[-48.679,-21.928],[-48.643,-21.905],[-48.658,-21.845],[-48.67,-21.832]]]},"properties":{"codarea":"3519600"}},{"type":"Feature","geometry":{"type":"Polygon","coordinates":[[[-47.081,-23.653],[-47.139,-23.639],[-47.179,-23.641],[-47.205,-23.617],[-47.25,-23.62],[-47.277,-23.597],[-47.297,-23.604],[-47.337,-23.612],[-47.368,-23.634],[-47.346,-23.705],[-47.297,-23.754],[-47.301,-23.808],[-47.278,-23.836],[-47.372,-23.889],[-47.365,-23.914],[-47.389,-23.983],[-47.355,-24.022],[-47.312,-24.01],[-47.244,-24.022],[-47.2,-24.001],[-47.206,-23.961],[-47.184,-23.93],[-47.142,-23.911],[-47.129,-23.861],[-47.084,-23.845],[-47.029,-23.846],[-47.017,-23.818],[-46.989,-23.801],[-47.019,-23.788],[-47.076,-23.681],[-47.081,-23.653]]]},"properties":{"codarea":"3519709"}},{"type":"Feature","geometry":{"type":"Polygon","coordinates":[[[-49.308,-20.311],[-49.273,-20.341],[-49.267,-20.421],[-49.228,-20.412],[-49.22,-20.472],[-49.176,-20.474],[-49.124,-20.458],[-49.089,-20.419],[-49.075,-20.356],[-49.09,-20.338],[-49.094,-20.29],[-49.121,-20.27],[-49.184,-20.315],[-49.225,-20.305],[-49.26,-20.259],[-49.308,-20.311]]]},"properties":{"codarea":"3519808"}},{"type":"Feature","geometry":{"type":"Polygon","coordinates":[[[-51.1,-22.487],[-51.135,-22.604],[-51.159,-22.637],[-51.182,-22.692],[-51.214,-22.724],[-51.176,-22.739],[-51.128,-22.76],[-51.058,-22.766],[-51.004,-22.794],[-50.979,-22.783],[-50.934,-22.726],[-50.945,-22.675],[-50.962,-22.633],[-50.973,-22.544],[-50.986,-22.518],[-51.032,-22.512],[-51.028,-22.48],[-51.063,-22.474],[-51.1,-22.487]]]},"properties":{"codarea":"3519907"}},{"type":"Feature","geometry":{"type":"Polygon","coordinates":[[[-48.621,-22.502],[-48.653,-22.532],[-48.645,-22.537],[-48.617,-22.574],[-48.561,-22.587],[-48.49,-22.546],[-48.56,-22.5],[-48.621,-22.502]]]},"properties":{"codarea":"3520004"}},{"type":"Feature","geometry":{"type":"Polygon","coordinates":[[[-47.87,-20.076],[-47.785,-20.069],[-47.739,-20.128],[-47.742,-20.152],[-47.687,-20.14],[-47.675,-20.126],[-47.621,-20.14],[-47.609,-20.16],[-47.542,-20.134],[-47.52,-20.107],[-47.509,-20.06],[-47.542,-20.013],[-47.549,-19.994],[-47.584,-19.997],[-47.595,-20.026],[-47.64,-20.047],[-47.676,-20.002],[-47.713,-19.978],[-47.763,-19.986],[-47.851,-19.99],[-47.875,-20.019],[-47.861,-20.045],[-47.87,-20.076]]]},"properties":{"codarea":"3520103"}},{"type":"Feature","geometry":{"type":"Polygon","coordinates":[[[-46.146,-23.257],[-46.081,-23.207],[-46.075,-23.181],[-46.108,-23.097],[-46.066,-22.998],[-46.083,-22.985],[-46.087,-22.985],[-46.118,-23.006],[-46.161,-23.066],[-46.205,-23.085],[-46.215,-23.108],[-46.262,-23.186],[-46.227,-23.19],[-46.162,-23.235],[-46.146,-23.257]]]},"properties":{"codarea":"3520202"}},{"type":"Feature","geometry":{"type":"Polygon","coordinates":[[[-47.558,-24.368],[-47.684,-24.379],[-47.64,-24.464],[-47.645,-24.493],[-47.627,-24.513],[-47.685,-24.551],[-47.694,-24.602],[-47.728,-24.622],[-47.747,-24.642],[-47.812,-24.77],[-47.83,-24.756],[-47.822,-24.777],[-47.774,-24.817],[-47.734,-24.836],[-47.688,-24.815],[-47.626,-24.762],[-47.551,-24.722],[-47.541,-24.706],[-47.474,-24.705],[-47.415,-24.676],[-47.245,-24.574],[-47.145,-24.492],[-47.078,-24.448],[-47.118,-24.418],[-47.121,-24.365],[-47.188,-24.366],[-47.234,-24.377],[-47.247,-24.362],[-47.3,-24.36],[-47.319,-24.34],[-47.367,-24.385],[-47.542,-24.358],[-47.558,-24.368]]]},"properties":{"codarea":"3520301"}},{"type":"Feature","geometry":{"type":"Polygon","coordinates":[[[-45.29,-23.869],[-45.242,-23.811],[-45.233,-23.785],[-45.263,-23.741],[-45.34,-23.727],[-45.366,-23.809],[-45.46,-23.89],[-45.444,-23.934],[-45.408,-23.939],[-45.303,-23.909],[-45.269,-23.965],[-45.233,-23.948],[-45.238,-23.909],[-45.29,-23.869]]]},"properties":{"codarea":"3520400"}},{"type":"Feature","geometry":{"type":"Polygon","coordinates":[[[-47.91,-25.053],[-47.843,-24.977],[-47.731,-24.881],[-47.623,-24.799],[-47.561,-24.758],[-47.425,-24.685],[-47.415,-24.676],[-47.474,-24.705],[-47.541,-24.706],[-47.551,-24.722],[-47.626,-24.762],[-47.688,-24.815],[-47.734,-24.836],[-47.804,-24.907],[-47.855,-24.937],[-47.862,-24.962],[-47.898,-24.973],[-47.912,-25.01],[-47.91,-25.053]]]},"properties":{"codarea":"3520426"}},{"type":"Feature","geometry":{"type":"Polygon","coordinates":[[[-51.315,-20.674],[-51.325,-20.641],[-51.297,-20.542],[-51.275,-20.534],[-51.264,-20.489],[-51.231,-20.457],[-51.204,-20.44],[-51.157,-20.435],[-51.039,-20.371],[-51.079,-20.328],[-51.109,-20.28],[-51.161,-20.305],[-51.296,-20.328],[-51.343,-20.356],[-51.419,-20.465],[-51.38,-20.506],[-51.386,-20.548],[-51.366,-20.585],[-51.367,-20.627],[-51.343,-20.682],[-51.315,-20.674]]]},"properties":{"codarea":"3520442"}},{"type":"Feature","geometry":{"type":"Polygon","coordinates":[[[-47.301,-23.113],[-47.245,-23.183],[-47.196,-23.187],[-47.129,-23.204],[-47.116,-23.225],[-47.113,-23.226],[-47.114,-23.179],[-47.144,-23.101],[-47.087,-23.091],[-47.088,-23.055],[-47.109,-23.061],[-47.233,-23.007],[-47.255,-22.998],[-47.291,-23.044],[-47.278,-23.071],[-47.301,-23.113]]]},"properties":{"codarea":"3520509"}},{"type":"Feature","geometry":{"type":"Polygon","coordinates":[[[-51.316,-22.129],[-51.287,-22.16],[-51.268,-22.206],[-51.23,-22.221],[-51.203,-22.178],[-51.242,-22.124],[-51.208,-22.068],[-51.265,-22.067],[-51.289,-22.045],[-51.32,-22.096],[-51.316,-22.129]]]},"properties":{"codarea":"3520608"}},{"type":"Feature","geometry":{"type":"Polygon","coordinates":[[[-50.295,-20.017],[-50.24,-20.045],[-50.206,-20.031],[-50.19,-19.986],[-50.184,-19.895],[-50.172,-19.875],[-50.216,-19.867],[-50.245,-19.877],[-50.337,-19.869],[-50.352,-19.917],[-50.332,-20.036],[-50.295,-20.017]]]},"properties":{"codarea":"3520707"}},{"type":"Feature","geometry":{"type":"Polygon","coordinates":[[[-50.922,-21.632],[-50.977,-21.701],[-50.98,-21.745],[-51.008,-21.804],[-50.961,-21.823],[-50.935,-21.796],[-50.93,-21.762],[-50.94,-21.71],[-50.915,-21.669],[-50.922,-21.632]]]},"properties":{"codarea":"3520806"}},{"type":"Feature","geometry":{"type":"Polygon","coordinates":[[[-49.677,-23.009],[-49.679,-23.084],[-49.666,-23.113],[-49.593,-23.146],[-49.573,-23.139],[-49.547,-23.129],[-49.529,-23.101],[-49.553,-23.048],[-49.558,-23.0],[-49.595,-22.978],[-49.633,-23.002],[-49.677,-23.009]]]},"properties":{"codarea":"3520905"}},{"type":"Feature","geometry":{"type":"Polygon","coordinates":[[[-47.651,-23.459],[-47.606,-23.471],[-47.565,-23.468],[-47.535,-23.429],[-47.565,-23.383],[-47.578,-23.364],[-47.61,-23.357],[-47.676,-23.368],[-47.683,-23.335],[-47.737,-23.331],[-47.726,-23.386],[-47.688,-23.401],[-47.655,-23.433],[-47.651,-23.459]]]},"properties":{"codarea":"3521002"}},{"type":"Feature","geometry":{"type":"Polygon","coordinates":[[[-47.777,-22.444],[-47.724,-22.493],[-47.694,-22.483],[-47.669,-22.51],[-47.669,-22.54],[-47.654,-22.521],[-47.639,-22.488],[-47.666,-22.38],[-47.698,-22.383],[-47.721,-22.335],[-47.76,-22.34],[-47.788,-22.395],[-47.794,-22.434],[-47.777,-22.444]]]},"properties":{"codarea":"3521101"}},{"type":"Feature","geometry":{"type":"Polygon","coordinates":[[[-49.461,-20.685],[-49.412,-20.716],[-49.368,-20.723],[-49.347,-20.678],[-49.352,-20.635],[-49.364,-20.606],[-49.446,-20.543],[-49.423,-20.608],[-49.465,-20.682],[-49.461,-20.685]]]},"properties":{"codarea":"3521150"}},{"type":"Feature","geometry":{"type":"Polygon","coordinates":[[[-48.605,-24.332],[-48.589,-24.342],[-48.514,-24.338],[-48.492,-24.378],[-48.55,-24.441],[-48.586,-24.435],[-48.613,-24.453],[-48.655,-24.456],[-48.688,-24.501],[-48.789,-24.558],[-48.755,-24.588],[-48.733,-24.641],[-48.811,-24.675],[-48.777,-24.696],[-48.704,-24.68],[-48.675,-24.702],[-48.617,-24.669],[-48.572,-24.691],[-48.538,-24.726],[-48.529,-24.688],[-48.465,-24.66],[-48.447,-24.599],[-48.402,-24.571],[-48.429,-24.532],[-48.398,-24.524],[-48.393,-24.49],[-48.352,-24.459],[-48.368,-24.39],[-48.354,-24.327],[-48.383,-24.304],[-48.411,-24.267],[-48.431,-24.264],[-48.535,-24.32],[-48.556,-24.287],[-48.605,-24.332]]]},"properties":{"codarea":"3521200"}},{"type":"Feature","geometry":{"type":"Polygon","coordinates":[[[-48.134,-20.494],[-48.063,-20.498],[-48.008,-20.532],[-47.927,-20.465],[-47.917,-20.434],[-47.914,-20.416],[-47.952,-20.381],[-48.039,-20.363],[-48.04,-20.353],[-48.093,-20.309],[-48.131,-20.317],[-48.15,-20.29],[-48.189,-20.34],[-48.179,-20.39],[-48.211,-20.455],[-48.159,-20.461],[-48.134,-20.494]]]},"properties":{"codarea":"3521309"}},{"type":"Feature","geometry":{"type":"Polygon","coordinates":[[[-47.512,-22.692],[-47.487,-22.642],[-47.497,-22.618],[-47.477,-22.526],[-47.489,-22.524],[-47.563,-22.527],[-47.583,-22.542],[-47.552,-22.58],[-47.549,-22.614],[-47.512,-22.692]]]},"properties":{"codarea":"3521408"}},{"type":"Feature","geometry":{"type":"Polygon","coordinates":[[[-49.518,-21.228],[-49.41,-21.328],[-49.396,-21.372],[-49.367,-21.348],[-49.329,-21.35],[-49.321,-21.315],[-49.285,-21.289],[-49.291,-21.268],[-49.334,-21.236],[-49.363,-21.24],[-49.397,-21.18],[-49.442,-21.189],[-49.46,-21.177],[-49.462,-21.196],[-49.502,-21.206],[-49.518,-21.228]]]},"properties":{"codarea":"3521507"}},{"type":"Feature","geometry":{"type":"Polygon","coordinates":[[[-51.355,-21.636],[-51.325,-21.585],[-51.308,-21.521],[-51.319,-21.451],[-51.305,-21.394],[-51.312,-21.368],[-51.286,-21.319],[-51.329,-21.293],[-51.336,-21.334],[-51.365,-21.369],[-51.359,-21.454],[-51.388,-21.527],[-51.388,-21.571],[-51.414,-21.643],[-51.393,-21.629],[-51.355,-21.636]]]},"properties":{"codarea":"3521606"}},{"type":"Feature","geometry":{"type":"Polygon","coordinates":[[[-49.289,-23.892],[-49.252,-23.906],[-49.246,-23.942],[-49.211,-23.981],[-49.193,-24.031],[-49.2,-24.098],[-49.121,-24.125],[-49.102,-24.064],[-49.011,-24.008],[-49.009,-23.93],[-48.997,-23.895],[-49.017,-23.843],[-48.97,-23.834],[-48.949,-23.8],[-49.023,-23.748],[-49.054,-23.686],[-49.133,-23.721],[-49.14,-23.702],[-49.168,-23.694],[-49.202,-23.713],[-49.245,-23.705],[-49.301,-23.738],[-49.343,-23.758],[-49.334,-23.782],[-49.301,-23.825],[-49.319,-23.881],[-49.289,-23.892]]]},"properties":{"codarea":"3521705"}},{"type":"Feature","geometry":{"type":"Polygon","coordinates":[[[-49.213,-23.418],[-49.162,-23.486],[-49.161,-23.543],[-49.118,-23.56],[-49.127,-23.581],[-49.122,-23.646],[-49.136,-23.662],[-49.14,-23.702],[-49.133,-23.721],[-49.054,-23.686],[-49.026,-23.65],[-48.978,-23.623],[-48.925,-23.626],[-48.833,-23.598],[-48.853,-23.539],[-48.898,-23.508],[-48.92,-23.471],[-48.978,-23.411],[-49.001,-23.378],[-48.985,-23.288],[-49.013,-23.262],[-49.09,-23.266],[-49.151,-23.26],[-49.211,-23.245],[-49.2,-23.291],[-49.217,-23.299],[-49.213,-23.418]]]},"properties":{"codarea":"3521804"}},{"type":"Feature","geometry":{"type":"Polygon","coordinates":[[[-49.011,-21.253],[-49.059,-21.242],[-49.093,-21.28],[-49.124,-21.299],[-49.16,-21.287],[-49.234,-21.324],[-49.22,-21.357],[-49.186,-21.364],[-49.172,-21.412],[-49.081,-21.408],[-49.068,-21.436],[-49.082,-21.465],[-49.055,-21.488],[-49.019,-21.482],[-48.991,-21.456],[-48.979,-21.416],[-48.9,-21.371],[-48.923,-21.345],[-48.92,-21.3],[-48.959,-21.279],[-48.994,-21.286],[-49.011,-21.253]]]},"properties":{"codarea":"3521903"}},{"type":"Feature","geometry":{"type":"Polygon","coordinates":[[[-48.679,-21.928],[-48.727,-21.891],[-48.833,-21.895],[-48.878,-21.921],[-48.892,-21.907],[-48.903,-21.933],[-48.862,-21.959],[-48.888,-22.006],[-48.867,-22.024],[-48.833,-22.013],[-48.773,-22.021],[-48.722,-21.983],[-48.679,-21.929],[-48.679,-21.928]]]},"properties":{"codarea":"3522000"}},{"type":"Feature","geometry":{"type":"Polygon","coordinates":[[[-46.898,-24.253],[-46.845,-24.218],[-46.709,-24.144],[-46.725,-24.132],[-46.743,-24.064],[-46.642,-24.01],[-46.65,-24.002],[-46.683,-23.982],[-46.715,-23.996],[-46.807,-23.938],[-46.883,-23.985],[-46.868,-24.019],[-46.9,-24.046],[-46.936,-24.033],[-46.979,-24.064],[-46.968,-24.108],[-46.983,-24.123],[-46.941,-24.154],[-46.951,-24.193],[-46.927,-24.232],[-46.898,-24.253]]]},"properties":{"codarea":"3522109"}},{"type":"Feature","geometry":{"type":"Polygon","coordinates":[[[-48.811,-24.675],[-48.733,-24.641],[-48.755,-24.588],[-48.789,-24.558],[-48.887,-24.586],[-48.901,-24.556],[-48.949,-24.618],[-48.912,-24.633],[-48.912,-24.674],[-48.84,-24.665],[-48.811,-24.675]]]},"properties":{"codarea":"3522158"}},{"type":"Feature","geometry":{"type":"Polygon","coordinates":[[[-46.777,-23.767],[-46.796,-23.739],[-46.801,-23.685],[-46.827,-23.676],[-46.872,-23.683],[-46.888,-23.668],[-46.91,-23.72],[-46.931,-23.732],[-46.938,-23.777],[-46.872,-23.797],[-46.823,-23.768],[-46.777,-23.767]]]},"properties":{"codarea":"3522208"}},{"type":"Feature","geometry":{"type":"Polygon","coordinates":[[[-47.91,-23.606],[-47.933,-23.605],[-47.934,-23.561],[-47.967,-23.522],[-47.841,-23.51],[-47.807,-23.489],[-47.87,-23.445],[-47.923,-23.462],[-47.95,-23.409],[-48.0,-23.431],[-48.049,-23.424],[-48.078,-23.419],[-48.117,-23.457],[-48.193,-23.49],[-48.237,-23.519],[-48.275,-23.572],[-48.304,-23.59],[-48.343,-23.575],[-48.38,-23.578],[-48.371,-23.631],[-48.367,-23.673],[-48.408,-23.715],[-48.395,-23.725],[-48.393,-23.781],[-48.349,-23.831],[-48.295,-23.826],[-48.24,-23.861],[-48.208,-23.849],[-48.152,-23.84],[-48.095,-23.799],[-48.052,-23.756],[-48.029,-23.767],[-47.997,-23.743],[-47.944,-23.754],[-47.923,-23.793],[-47.866,-23.783],[-47.849,-23.75],[-47.857,-23.721],[-47.885,-23.696],[-47.91,-23.606]]]},"properties":{"codarea":"3522307"}},{"type":"Feature","geometry":{"type":"Polygon","coordinates":[[[-48.582,-23.983],[-48.628,-24.023],[-48.691,-24.022],[-48.715,-23.969],[-48.763,-23.985],[-48.779,-23.953],[-48.767,-23.898],[-48.784,-23.862],[-48.734,-23.854],[-48.745,-23.841],[-48.724,-23.785],[-48.745,-23.736],[-48.721,-23.721],[-48.767,-23.677],[-48.781,-23.643],[-48.8,-23.639],[-48.833,-23.598],[-48.925,-23.626],[-48.978,-23.623],[-49.026,-23.65],[-49.054,-23.686],[-49.023,-23.748],[-48.949,-23.8],[-48.97,-23.834],[-49.017,-23.843],[-48.997,-23.895],[-49.009,-23.93],[-49.011,-24.008],[-49.102,-24.064],[-49.121,-24.125],[-49.2,-24.098],[-49.142,-24.146],[-49.137,-24.186],[-49.06,-24.19],[-49.015,-24.154],[-48.983,-24.101],[-48.857,-24.1],[-48.822,-24.128],[-48.762,-24.132],[-48.73,-24.116],[-48.661,-24.143],[-48.646,-24.117],[-48.597,-24.09],[-48.569,-24.091],[-48.569,-24.027],[-48.55,-24.004],[-48.582,-23.983]]]},"properties":{"codarea":"3522406"}},{"type":"Feature","geometry":{"type":"Polygon","coordinates":[[[-46.911,-23.563],[-46.93,-23.513],[-46.965,-23.499],[-46.995,-23.507],[-46.992,-23.529],[-47.028,-23.581],[-46.981,-23.602],[-46.911,-23.563]]]},"properties":{"codarea":"3522505"}},{"type":"Feature","geometry":{"type":"Polygon","coordinates":[[[-46.616,-22.439],[-46.666,-22.415],[-46.661,-22.366],[-46.723,-22.307],[-46.768,-22.286],[-46.791,-22.297],[-46.843,-22.34],[-46.872,-22.388],[-46.864,-22.444],[-46.885,-22.465],[-46.863,-22.506],[-46.872,-22.548],[-46.869,-22.584],[-46.833,-22.579],[-46.798,-22.541],[-46.737,-22.547],[-46.713,-22.504],[-46.681,-22.474],[-46.658,-22.473],[-46.616,-22.439]]]},"properties":{"codarea":"3522604"}},{"type":"Feature","geometry":{"type":"Polygon","coordinates":[[[-49.251,-24.445],[-49.245,-24.465],[-49.296,-24.5],[-49.28,-24.536],[-49.316,-24.555],[-49.304,-24.597],[-49.312,-24.663],[-49.278,-24.693],[-49.208,-24.701],[-49.186,-24.673],[-49.158,-24.672],[-49.151,-24.64],[-49.171,-24.612],[-49.136,-24.587],[-49.132,-24.538],[-49.123,-24.495],[-49.193,-24.446],[-49.206,-24.41],[-49.251,-24.445]]]},"properties":{"codarea":"3522653"}},{"type":"Feature","geometry":{"type":"Polygon","coordinates":[[[-48.911,-21.674],[-48.875,-21.655],[-48.838,-21.674],[-48.795,-21.716],[-48.776,-21.699],[-48.727,-21.687],[-48.677,-21.684],[-48.677,-21.628],[-48.624,-21.617],[-48.584,-21.628],[-48.574,-21.579],[-48.629,-21.559],[-48.655,-21.544],[-48.663,-21.491],[-48.706,-21.49],[-48.726,-21.42],[-48.754,-21.421],[-48.773,-21.428],[-48.848,-21.391],[-48.873,-21.394],[-48.9,-21.371],[-48.979,-21.416],[-48.991,-21.456],[-49.0,-21.485],[-48.964,-21.542],[-48.974,-21.588],[-48.962,-21.635],[-48.972,-21.661],[-48.911,-21.674]]]},"properties":{"codarea":"3522703"}},{"type":"Feature","geometry":{"type":"Polygon","coordinates":[[[-49.567,-23.494],[-49.555,-23.541],[-49.496,-23.652],[-49.539,-23.653],[-49.575,-23.676],[-49.549,-23.704],[-49.567,-23.737],[-49.56,-23.794],[-49.508,-23.792],[-49.469,-23.771],[-49.414,-23.784],[-49.387,-23.759],[-49.334,-23.782],[-49.343,-23.758],[-49.301,-23.738],[-49.327,-23.681],[-49.404,-23.628],[-49.4,-23.58],[-49.476,-23.541],[-49.514,-23.508],[-49.567,-23.494]]]},"properties":{"codarea":"3522802"}},{"type":"Feature","geometry":{"type":"Polygon","coordinates":[[[-48.733,-22.317],[-48.7,-22.319],[-48.631,-22.261],[-48.674,-22.193],[-48.715,-22.18],[-48.745,-22.224],[-48.772,-22.227],[-48.733,-22.317]]]},"properties":{"codarea":"3522901"}},{"type":"Feature","geometry":{"type":"Polygon","coordinates":[[[-51.575,-20.623],[-51.522,-20.64],[-51.497,-20.669],[-51.457,-20.668],[-51.419,-20.681],[-51.372,-20.69],[-51.343,-20.682],[-51.367,-20.627],[-51.366,-20.585],[-51.386,-20.548],[-51.38,-20.506],[-51.419,-20.465],[-51.449,-20.483],[-51.5,-20.568],[-51.568,-20.618],[-51.575,-20.623]]]},"properties":{"codarea":"3523008"}},{"type":"Feature","geometry":{"type":"Polygon","coordinates":[[[-46.288,-23.49],[-46.271,-23.43],[-46.349,-23.42],[-46.358,-23.437],[-46.394,-23.449],[-46.387,-23.475],[-46.366,-23.512],[-46.33,-23.506],[-46.288,-23.49]]]},"properties":{"codarea":"3523107"}},{"type":"Feature","geometry":{"type":"Polygon","coordinates":[[[-49.522,-23.917],[-49.492,-23.993],[-49.458,-24.049],[-49.43,-24.069],[-49.409,-24.107],[-49.337,-24.138],[-49.351,-24.221],[-49.305,-24.251],[-49.287,-24.303],[-49.254,-24.318],[-49.227,-24.293],[-49.205,-24.303],[-49.148,-24.258],[-49.137,-24.186],[-49.142,-24.146],[-49.2,-24.098],[-49.193,-24.031],[-49.211,-23.981],[-49.246,-23.942],[-49.252,-23.906],[-49.289,-23.892],[-49.328,-23.903],[-49.43,-23.906],[-49.457,-23.919],[-49.502,-23.907],[-49.522,-23.917]]]},"properties":{"codarea":"3523206"}},{"type":"Feature","geometry":{"type":"Polygon","coordinates":[[[-47.067,-24.201],[-47.122,-24.223],[-47.148,-24.207],[-47.197,-24.244],[-47.197,-24.285],[-47.247,-24.362],[-47.234,-24.377],[-47.188,-24.366],[-47.121,-24.365],[-47.045,-24.334],[-47.021,-24.284],[-47.057,-24.264],[-47.031,-24.223],[-47.067,-24.201]]]},"properties":{"codarea":"3523305"}},{"type":"Feature","geometry":{"type":"Polygon","coordinates":[[[-46.865,-23.076],[-46.847,-23.098],[-46.793,-23.103],[-46.766,-23.099],[-46.728,-23.039],[-46.716,-22.977],[-46.682,-22.93],[-46.758,-22.936],[-46.879,-22.927],[-46.879,-22.927],[-46.926,-22.974],[-46.91,-23.017],[-46.916,-23.046],[-46.865,-23.076]]]},"properties":{"codarea":"3523404"}},{"type":"Feature","geometry":{"type":"Polygon","coordinates":[[[-48.476,-23.082],[-48.566,-23.037],[-48.617,-23.039],[-48.636,-23.021],[-48.645,-22.966],[-48.705,-22.943],[-48.778,-22.965],[-48.761,-22.993],[-48.778,-23.047],[-48.741,-23.09],[-48.751,-23.114],[-48.734,-23.148],[-48.746,-23.251],[-48.772,-23.266],[-48.774,-23.302],[-48.704,-23.342],[-48.648,-23.329],[-48.593,-23.315],[-48.554,-23.279],[-48.492,-23.261],[-48.452,-23.211],[-48.428,-23.203],[-48.45,-23.174],[-48.476,-23.082]]]},"properties":{"codarea":"3523503"}},{"type":"Feature","geometry":{"type":"Polygon","coordinates":[[[-47.916,-22.425],[-47.857,-22.431],[-47.813,-22.457],[-47.793,-22.448],[-47.777,-22.444],[-47.794,-22.434],[-47.788,-22.395],[-47.76,-22.34],[-47.731,-22.299],[-47.714,-22.302],[-47.723,-22.273],[-47.713,-22.24],[-47.76,-22.163],[-47.8,-22.128],[-47.809,-22.148],[-47.9,-22.158],[-47.882,-22.201],[-47.906,-22.231],[-47.927,-22.305],[-47.949,-22.321],[-47.954,-22.398],[-47.916,-22.425]]]},"properties":{"codarea":"3523602"}},{"type":"Feature","geometry":{"type":"Polygon","coordinates":[[[-47.143,-20.566],[-47.153,-20.599],[-47.184,-20.603],[-47.252,-20.648],[-47.237,-20.686],[-47.186,-20.731],[-47.169,-20.703],[-47.127,-20.709],[-47.101,-20.682],[-47.097,-20.644],[-47.123,-20.613],[-47.143,-20.566]]]},"properties":{"codarea":"3523701"}},{"type":"Feature","geometry":{"type":"Polygon","coordinates":[[[-46.98,-21.7],[-46.986,-21.742],[-46.954,-21.799],[-46.963,-21.817],[-46.923,-21.814],[-46.895,-21.785],[-46.854,-21.779],[-46.843,-21.759],[-46.872,-21.709],[-46.885,-21.697],[-46.98,-21.7]]]},"properties":{"codarea":"3523800"}},{"type":"Feature","geometry":{"type":"Polygon","coordinates":[[[-47.133,-23.381],[-47.143,-23.348],[-47.174,-23.326],[-47.169,-23.294],[-47.191,-23.27],[-47.146,-23.256],[-47.116,-23.225],[-47.129,-23.204],[-47.196,-23.187],[-47.245,-23.23],[-47.326,-23.234],[-47.39,-23.155],[-47.419,-23.169],[-47.439,-23.193],[-47.434,-23.241],[-47.404,-23.299],[-47.423,-23.316],[-47.418,-23.358],[-47.34,-23.437],[-47.326,-23.44],[-47.187,-23.418],[-47.138,-23.412],[-47.133,-23.381]]]},"properties":{"codarea":"3523909"}},{"type":"Feature","geometry":{"type":"Polygon","coordinates":[[[-47.113,-23.226],[-47.051,-23.241],[-47.028,-23.237],[-47.015,-23.182],[-47.02,-23.141],[-46.995,-23.116],[-46.995,-23.116],[-47.038,-23.057],[-47.049,-23.051],[-47.088,-23.055],[-47.087,-23.091],[-47.144,-23.101],[-47.114,-23.179],[-47.113,-23.226]]]},"properties":{"codarea":"3524006"}},{"type":"Feature","geometry":{"type":"Polygon","coordinates":[[[-47.914,-20.416],[-47.891,-20.391],[-47.802,-20.392],[-47.744,-20.434],[-47.698,-20.455],[-47.634,-20.467],[-47.627,-20.48],[-47.615,-20.482],[-47.634,-20.442],[-47.626,-20.407],[-47.618,-20.363],[-47.645,-20.288],[-47.699,-20.277],[-47.733,-20.249],[-47.792,-20.262],[-47.837,-20.242],[-47.86,-20.224],[-47.857,-20.194],[-47.889,-20.156],[-47.929,-20.214],[-47.924,-20.243],[-47.983,-20.28],[-48.04,-20.353],[-48.039,-20.363],[-47.952,-20.381],[-47.914,-20.416]]]},"properties":{"codarea":"3524105"}},{"type":"Feature","geometry":{"type":"Polygon","coordinates":[[[-48.345,-20.575],[-48.41,-20.576],[-48.432,-20.561],[-48.478,-20.583],[-48.526,-20.635],[-48.488,-20.637],[-48.492,-20.694],[-48.437,-20.753],[-48.42,-20.75],[-48.338,-20.695],[-48.35,-20.646],[-48.32,-20.589],[-48.345,-20.575]]]},"properties":{"codarea":"3524204"}},{"type":"Feature","geometry":{"type":"Polygon","coordinates":[[[-48.427,-21.319],[-48.352,-21.321],[-48.312,-21.361],[-48.274,-21.353],[-48.26,-21.32],[-48.208,-21.335],[-48.175,-21.314],[-48.142,-21.318],[-48.136,-21.268],[-48.171,-21.216],[-48.169,-21.161],[-48.187,-21.13],[-48.188,-21.086],[-48.271,-21.081],[-48.318,-21.061],[-48.354,-21.082],[-48.347,-21.128],[-48.386,-21.169],[-48.422,-21.173],[-48.45,-21.211],[-48.425,-21.275],[-48.427,-21.319]]]},"properties":{"codarea":"3524303"}},{"type":"Feature","geometry":{"type":"Polygon","coordinates":[[[-45.794,-23.292],[-45.847,-23.307],[-45.904,-23.295],[-45.921,-23.263],[-45.966,-23.235],[-45.956,-23.204],[-45.998,-23.187],[-46.02,-23.203],[-46.075,-23.181],[-46.081,-23.207],[-46.146,-23.257],[-46.135,-23.288],[-46.102,-23.309],[-46.029,-23.392],[-46.002,-23.385],[-45.987,-23.42],[-45.974,-23.401],[-45.924,-23.391],[-45.931,-23.367],[-45.861,-23.376],[-45.839,-23.335],[-45.803,-23.329],[-45.794,-23.292]]]},"properties":{"codarea":"3524402"}},{"type":"Feature","geometry":{"type":"Polygon","coordinates":[[[-49.635,-20.972],[-49.604,-21.022],[-49.557,-21.025],[-49.523,-20.975],[-49.566,-20.923],[-49.534,-20.873],[-49.573,-20.864],[-49.627,-20.88],[-49.635,-20.972]]]},"properties":{"codarea":"3524501"}},{"type":"Feature","geometry":{"type":"Polygon","coordinates":[[[-47.943,-24.767],[-47.964,-24.721],[-47.927,-24.673],[-47.918,-24.628],[-47.953,-24.638],[-47.976,-24.59],[-48.001,-24.573],[-48.085,-24.581],[-48.126,-24.596],[-48.129,-24.649],[-48.095,-24.686],[-48.048,-24.72],[-48.063,-24.75],[-48.096,-24.758],[-48.128,-24.796],[-48.13,-24.838],[-48.211,-24.907],[-48.211,-24.957],[-48.124,-24.981],[-48.078,-24.954],[-48.026,-24.944],[-48.043,-24.862],[-47.992,-24.847],[-47.968,-24.872],[-47.927,-24.781],[-47.943,-24.767]]]},"properties":{"codarea":"3524600"}},{"type":"Feature","geometry":{"type":"Polygon","coordinates":[[[-46.931,-22.683],[-46.939,-22.658],[-46.978,-22.654],[-47.015,-22.609],[-47.031,-22.619],[-47.074,-22.68],[-47.067,-22.703],[-47.103,-22.724],[-47.101,-22.75],[-47.069,-22.73],[-46.967,-22.745],[-46.957,-22.729],[-46.931,-22.683]]]},"properties":{"codarea":"3524709"}},{"type":"Feature","geometry":{"type":"Polygon","coordinates":[[[-50.52,-20.176],[-50.585,-20.141],[-50.611,-20.131],[-50.612,-20.192],[-50.592,-20.262],[-50.619,-20.275],[-50.657,-20.327],[-50.652,-20.358],[-50.613,-20.376],[-50.576,-20.398],[-50.542,-20.377],[-50.51,-20.395],[-50.469,-20.39],[-50.468,-20.315],[-50.458,-20.274],[-50.466,-20.237],[-50.487,-20.245],[-50.516,-20.216],[-50.52,-20.176]]]},"properties":{"codarea":"3524808"}},{"type":"Feature","geometry":{"type":"Polygon","coordinates":[[[-45.646,-23.291],[-45.612,-23.247],[-45.641,-23.196],[-45.721,-23.238],[-45.777,-23.264],[-45.794,-23.292],[-45.803,-23.329],[-45.782,-23.356],[-45.706,-23.338],[-45.646,-23.291]]]},"properties":{"codarea":"3524907"}},{"type":"Feature","geometry":{"type":"Polygon","coordinates":[[[-46.93,-23.513],[-46.911,-23.563],[-46.876,-23.565],[-46.861,-23.545],[-46.93,-23.513]]]},"properties":{"codarea":"3525003"}},{"type":"Feature","geometry":{"type":"Polygon","coordinates":[[[-47.872,-21.064],[-47.785,-21.081],[-47.751,-21.113],[-47.719,-21.12],[-47.674,-21.075],[-47.687,-21.003],[-47.726,-20.974],[-47.718,-20.938],[-47.766,-20.931],[-47.78,-20.894],[-47.818,-20.894],[-47.84,-20.911],[-47.871,-20.895],[-47.89,-20.91],[-47.923,-20.883],[-47.94,-20.9],[-48.002,-20.968],[-47.988,-20.992],[-47.945,-21.031],[-47.89,-21.032],[-47.872,-21.064]]]},"properties":{"codarea":"3525102"}},{"type":"Feature","geometry":{"type":"Polygon","coordinates":[[[-46.711,-23.212],[-46.67,-23.207],[-46.654,-23.164],[-46.67,-23.142],[-46.686,-23.067],[-46.676,-23.041],[-46.696,-23.011],[-46.716,-22.977],[-46.728,-23.039],[-46.766,-23.099],[-46.793,-23.103],[-46.808,-23.139],[-46.786,-23.153],[-46.773,-23.175],[-46.715,-23.192],[-46.711,-23.212]]]},"properties":{"codarea":"3525201"}},{"type":"Feature","geometry":{"type":"Polygon","coordinates":[[[-48.481,-22.356],[-48.456,-22.331],[-48.426,-22.273],[-48.394,-22.192],[-48.342,-22.181],[-48.388,-22.159],[-48.396,-22.122],[-48.418,-22.163],[-48.439,-22.157],[-48.508,-22.194],[-48.572,-22.199],[-48.633,-22.167],[-48.674,-22.193],[-48.631,-22.261],[-48.7,-22.319],[-48.733,-22.317],[-48.703,-22.369],[-48.668,-22.411],[-48.664,-22.465],[-48.642,-22.482],[-48.602,-22.442],[-48.586,-22.412],[-48.51,-22.436],[-48.515,-22.411],[-48.489,-22.39],[-48.481,-22.356]]]},"properties":{"codarea":"3525300"}},{"type":"Feature","geometry":{"type":"Polygon","coordinates":[[[-47.611,-20.277],[-47.645,-20.288],[-47.618,-20.363],[-47.626,-20.407],[-47.595,-20.393],[-47.529,-20.391],[-47.504,-20.36],[-47.498,-20.316],[-47.594,-20.288],[-47.611,-20.277]]]},"properties":{"codarea":"3525409"}},{"type":"Feature","geometry":{"type":"Polygon","coordinates":[[[-46.398,-22.969],[-46.262,-22.997],[-46.231,-22.99],[-46.193,-23.003],[-46.087,-22.985],[-46.083,-22.985],[-46.052,-22.968],[-46.041,-22.914],[-46.051,-22.897],[-46.095,-22.894],[-46.139,-22.923],[-46.141,-22.868],[-46.192,-22.865],[-46.257,-22.891],[-46.279,-22.878],[-46.345,-22.905],[-46.396,-22.945],[-46.398,-22.969]]]},"properties":{"codarea":"3525508"}},{"type":"Feature","geometry":{"type":"Polygon","coordinates":[[[-50.706,-22.022],[-50.751,-22.058],[-50.823,-22.239],[-50.859,-22.282],[-50.843,-22.342],[-50.906,-22.348],[-50.934,-22.427],[-50.922,-22.445],[-50.88,-22.421],[-50.83,-22.428],[-50.783,-22.435],[-50.764,-22.387],[-50.77,-22.35],[-50.759,-22.303],[-50.717,-22.25],[-50.729,-22.236],[-50.725,-22.167],[-50.71,-22.139],[-50.725,-22.091],[-50.706,-22.022]]]},"properties":{"codarea":"3525607"}},{"type":"Feature","geometry":{"type":"Polygon","coordinates":[[[-49.618,-21.128],[-49.582,-21.118],[-49.557,-21.025],[-49.604,-21.022],[-49.635,-20.972],[-49.696,-20.966],[-49.726,-20.932],[-49.792,-20.934],[-49.827,-20.954],[-49.859,-21.005],[-49.862,-21.03],[-49.897,-21.066],[-49.925,-21.076],[-49.96,-21.133],[-49.992,-21.227],[-49.915,-21.238],[-49.856,-21.26],[-49.828,-21.242],[-49.811,-21.203],[-49.789,-21.209],[-49.764,-21.154],[-49.736,-21.135],[-49.66,-21.135],[-49.661,-21.161],[-49.618,-21.128]]]},"properties":{"codarea":"3525706"}},{"type":"Feature","geometry":{"type":"Polygon","coordinates":[[[-49.882,-21.97],[-49.814,-22.003],[-49.768,-22.047],[-49.741,-22.026],[-49.755,-22.009],[-49.734,-21.941],[-49.772,-21.927],[-49.809,-21.89],[-49.827,-21.946],[-49.882,-21.97]]]},"properties":{"codarea":"3525805"}},{"type":"Feature","geometry":{"type":"Polygon","coordinates":[[[-47.792,-23.049],[-47.821,-23.072],[-47.809,-23.098],[-47.819,-23.133],[-47.79,-23.152],[-47.751,-23.122],[-47.75,-23.092],[-47.792,-23.049]]]},"properties":{"codarea":"3525854"}},{"type":"Feature","geometry":{"type":"Polygon","coordinates":[[[-46.807,-23.255],[-46.849,-23.239],[-46.854,-23.201],[-46.825,-23.182],[-46.799,-23.188],[-46.786,-23.153],[-46.808,-23.139],[-46.793,-23.103],[-46.847,-23.098],[-46.865,-23.076],[-46.878,-23.092],[-46.939,-23.096],[-46.947,-23.111],[-46.995,-23.116],[-47.02,-23.141],[-47.015,-23.182],[-47.028,-23.237],[-47.014,-23.264],[-46.97,-23.26],[-46.972,-23.301],[-46.959,-23.327],[-46.938,-23.322],[-46.902,-23.308],[-46.867,-23.278],[-46.838,-23.288],[-46.803,-23.257],[-46.807,-23.255]]]},"properties":{"codarea":"3525904"}},{"type":"Feature","geometry":{"type":"Polygon","coordinates":[[[-51.329,-21.293],[-51.385,-21.284],[-51.434,-21.246],[-51.486,-21.233],[-51.502,-21.221],[-51.498,-21.312],[-51.485,-21.428],[-51.489,-21.46],[-51.477,-21.526],[-51.508,-21.588],[-51.496,-21.638],[-51.537,-21.684],[-51.512,-21.702],[-51.496,-21.707],[-51.414,-21.643],[-51.388,-21.571],[-51.388,-21.527],[-51.359,-21.454],[-51.365,-21.369],[-51.336,-21.334],[-51.329,-21.293]]]},"properties":{"codarea":"3526001"}},{"type":"Feature","geometry":{"type":"Polygon","coordinates":[[[-47.558,-24.368],[-47.575,-24.268],[-47.549,-24.227],[-47.565,-24.185],[-47.482,-24.129],[-47.477,-24.081],[-47.499,-24.053],[-47.563,-24.04],[-47.584,-24.076],[-47.636,-24.101],[-47.614,-24.045],[-47.68,-24.045],[-47.773,-24.134],[-47.777,-24.204],[-47.761,-24.263],[-47.8,-24.352],[-47.717,-24.398],[-47.684,-24.379],[-47.558,-24.368]]]},"properties":{"codarea":"3526100"}},{"type":"Feature","geometry":{"type":"Polygon","coordinates":[[[-47.127,-24.009],[-47.056,-24.01],[-47.027,-24.052],[-46.979,-24.064],[-46.936,-24.033],[-46.9,-24.046],[-46.868,-24.019],[-46.883,-23.985],[-46.807,-23.938],[-46.811,-23.921],[-46.859,-23.938],[-46.912,-23.934],[-46.951,-23.922],[-46.972,-23.888],[-47.029,-23.846],[-47.084,-23.845],[-47.129,-23.861],[-47.142,-23.911],[-47.184,-23.93],[-47.206,-23.961],[-47.2,-24.001],[-47.127,-24.009]]]},"properties":{"codarea":"3526209"}},{"type":"Feature","geometry":{"type":"Polygon","coordinates":[[[-45.3,-23.092],[-45.28,-23.087],[-45.264,-23.127],[-45.197,-23.167],[-45.187,-23.197],[-45.146,-23.188],[-45.131,-23.167],[-45.144,-23.111],[-45.132,-23.084],[-45.156,-23.015],[-45.197,-22.998],[-45.234,-23.001],[-45.258,-23.008],[-45.294,-23.027],[-45.312,-23.059],[-45.3,-23.092]]]},"properties":{"codarea":"3526308"}},{"type":"Feature","geometry":{"type":"Polygon","coordinates":[[[-47.792,-23.049],[-47.757,-22.998],[-47.773,-22.976],[-47.806,-22.983],[-47.827,-22.942],[-47.809,-22.878],[-47.845,-22.902],[-47.869,-22.899],[-47.867,-22.861],[-47.931,-22.883],[-47.952,-22.924],[-47.934,-22.945],[-47.937,-23.015],[-47.915,-23.055],[-47.91,-23.161],[-47.839,-23.174],[-47.817,-23.153],[-47.819,-23.133],[-47.809,-23.098],[-47.821,-23.072],[-47.792,-23.049]]]},"properties":{"codarea":"3526407"}},{"type":"Feature","geometry":{"type":"Polygon","coordinates":[[[-51.145,-21.374],[-51.092,-21.308],[-51.054,-21.229],[-51.004,-21.192],[-50.95,-21.171],[-50.948,-21.131],[-50.928,-21.106],[-50.914,-21.043],[-50.875,-20.978],[-50.876,-20.945],[-50.85,-20.936],[-50.9,-20.91],[-50.952,-20.977],[-51.009,-21.019],[-51.053,-21.069],[-51.043,-21.095],[-51.054,-21.143],[-51.097,-21.151],[-51.174,-21.265],[-51.183,-21.309],[-51.225,-21.342],[-51.214,-21.355],[-51.164,-21.384],[-51.145,-21.374]]]},"properties":{"codarea":"3526506"}},{"type":"Feature","geometry":{"type":"Polygon","coordinates":[[[-44.966,-22.475],[-44.936,-22.491],[-44.921,-22.534],[-44.932,-22.569],[-44.906,-22.612],[-44.874,-22.622],[-44.85,-22.602],[-44.852,-22.559],[-44.832,-22.544],[-44.852,-22.486],[-44.844,-22.428],[-44.89,-22.432],[-44.94,-22.453],[-44.966,-22.475]]]},"properties":{"codarea":"3526605"}},{"type":"Feature","geometry":{"type":"Polygon","coordinates":[[[-47.47,-22.245],[-47.447,-22.265],[-47.404,-22.265],[-47.362,-22.236],[-47.347,-22.247],[-47.304,-22.229],[-47.262,-22.226],[-47.224,-22.206],[-47.191,-22.174],[-47.197,-22.099],[-47.255,-22.091],[-47.301,-22.103],[-47.328,-22.09],[-47.378,-22.096],[-47.4,-22.085],[-47.42,-22.145],[-47.49,-22.188],[-47.47,-22.245]]]},"properties":{"codarea":"3526704"}},{"type":"Feature","geometry":{"type":"Polygon","coordinates":[[[-48.674,-22.552],[-48.764,-22.559],[-48.816,-22.541],[-48.827,-22.488],[-48.861,-22.484],[-48.932,-22.53],[-48.89,-22.554],[-48.945,-22.621],[-48.935,-22.68],[-48.939,-22.739],[-48.964,-22.79],[-48.948,-22.826],[-48.88,-22.852],[-48.803,-22.845],[-48.78,-22.827],[-48.778,-22.762],[-48.729,-22.765],[-48.698,-22.735],[-48.689,-22.694],[-48.689,-22.647],[-48.665,-22.623],[-48.683,-22.585],[-48.674,-22.552]]]},"properties":{"codarea":"3526803"}},{"type":"Feature","geometry":{"type":"Polygon","coordinates":[[[-47.279,-22.663],[-47.227,-22.603],[-47.227,-22.57],[-47.212,-22.538],[-47.237,-22.521],[-47.253,-22.477],[-47.302,-22.445],[-47.335,-22.498],[-47.368,-22.502],[-47.41,-22.529],[-47.477,-22.526],[-47.497,-22.618],[-47.487,-22.642],[-47.512,-22.692],[-47.49,-22.724],[-47.474,-22.738],[-47.44,-22.715],[-47.388,-22.699],[-47.36,-22.688],[-47.335,-22.713],[-47.279,-22.663]]]},"properties":{"codarea":"3526902"}},{"type":"Feature","geometry":{"type":"Polygon","coordinates":[[[-46.713,-22.504],[-46.68,-22.507],[-46.669,-22.542],[-46.614,-22.548],[-46.599,-22.515],[-46.628,-22.51],[-46.658,-22.473],[-46.681,-22.474],[-46.713,-22.504]]]},"properties":{"codarea":"3527009"}},{"type":"Feature","geometry":{"type":"Polygon","coordinates":[[[-49.633,-21.489],[-49.687,-21.523],[-49.73,-21.589],[-49.79,-21.651],[-49.788,-21.694],[-49.833,-21.7],[-49.869,-21.741],[-49.839,-21.761],[-49.772,-21.804],[-49.755,-21.799],[-49.726,-21.746],[-49.659,-21.727],[-49.629,-21.732],[-49.574,-21.705],[-49.561,-21.662],[-49.568,-21.626],[-49.518,-21.602],[-49.633,-21.489]]]},"properties":{"codarea":"3527108"}},{"type":"Feature","geometry":{"type":"Polygon","coordinates":[[[-45.204,-22.656],[-45.179,-22.712],[-45.145,-22.743],[-45.132,-22.821],[-45.101,-22.878],[-45.06,-22.885],[-45.029,-22.921],[-44.947,-22.913],[-44.91,-22.886],[-44.895,-22.845],[-44.913,-22.855],[-44.975,-22.808],[-45.011,-22.773],[-45.061,-22.75],[-45.075,-22.725],[-45.069,-22.676],[-45.112,-22.635],[-45.157,-22.636],[-45.204,-22.656]]]},"properties":{"codarea":"3527207"}},{"type":"Feature","geometry":{"type":"Polygon","coordinates":[[[-50.181,-20.901],[-50.263,-20.906],[-50.283,-20.937],[-50.299,-21.0],[-50.248,-21.008],[-50.233,-20.98],[-50.18,-20.982],[-50.181,-20.901]]]},"properties":{"codarea":"3527256"}},{"type":"Feature","geometry":{"type":"Polygon","coordinates":[[[-46.995,-23.116],[-46.947,-23.111],[-46.939,-23.096],[-46.878,-23.092],[-46.865,-23.076],[-46.916,-23.046],[-46.943,-23.067],[-46.977,-23.066],[-46.995,-23.116],[-46.995,-23.116]]]},"properties":{"codarea":"3527306"}},{"type":"Feature","geometry":{"type":"Polygon","coordinates":[[[-51.008,-21.804],[-50.98,-21.745],[-50.977,-21.701],[-50.922,-21.632],[-50.94,-21.559],[-50.904,-21.517],[-50.898,-21.491],[-50.924,-21.442],[-50.985,-21.433],[-50.993,-21.437],[-50.966,-21.484],[-50.967,-21.543],[-50.978,-21.591],[-51.034,-21.65],[-51.04,-21.705],[-51.077,-21.723],[-51.092,-21.766],[-51.113,-21.801],[-51.095,-21.835],[-51.076,-21.788],[-51.008,-21.804]]]},"properties":{"codarea":"3527405"}},{"type":"Feature","geometry":{"type":"Polygon","coordinates":[[[-49.629,-22.469],[-49.608,-22.497],[-49.607,-22.536],[-49.566,-22.575],[-49.503,-22.514],[-49.485,-22.503],[-49.503,-22.479],[-49.477,-22.418],[-49.513,-22.396],[-49.556,-22.392],[-49.604,-22.443],[-49.629,-22.469]]]},"properties":{"codarea":"3527504"}},{"type":"Feature","geometry":{"type":"Polygon","coordinates":[[[-47.863,-21.612],[-47.818,-21.616],[-47.811,-21.648],[-47.83,-21.669],[-47.812,-21.699],[-47.768,-21.692],[-47.737,-21.712],[-47.724,-21.706],[-47.679,-21.657],[-47.671,-21.603],[-47.643,-21.592],[-47.64,-21.544],[-47.661,-21.498],[-47.746,-21.458],[-47.797,-21.447],[-47.83,-21.423],[-47.895,-21.38],[-47.902,-21.461],[-47.887,-21.501],[-47.927,-21.576],[-47.863,-21.612]]]},"properties":{"codarea":"3527603"}},{"type":"Feature","geometry":{"type":"Polygon","coordinates":[[[-50.3,-21.625],[-50.336,-21.635],[-50.364,-21.623],[-50.425,-21.631],[-50.445,-21.662],[-50.454,-21.688],[-50.4,-21.717],[-50.361,-21.724],[-50.309,-21.715],[-50.273,-21.709],[-50.246,-21.697],[-50.26,-21.661],[-50.3,-21.625]]]},"properties":{"codarea":"3527702"}},{"type":"Feature","geometry":{"type":"Polygon","coordinates":[[[-49.736,-22.382],[-49.75,-22.357],[-49.788,-22.351],[-49.855,-22.357],[-49.855,-22.429],[-49.885,-22.506],[-49.818,-22.526],[-49.796,-22.438],[-49.773,-22.43],[-49.736,-22.382]]]},"properties":{"codarea":"3527801"}},{"type":"Feature","geometry":{"type":"Polygon","coordinates":[[[-50.45,-22.459],[-50.398,-22.445],[-50.35,-22.479],[-50.336,-22.455],[-50.237,-22.379],[-50.324,-22.359],[-50.333,-22.339],[-50.325,-22.271],[-50.299,-22.209],[-50.346,-22.189],[-50.394,-22.187],[-50.452,-22.173],[-50.453,-22.215],[-50.479,-22.258],[-50.465,-22.316],[-50.442,-22.356],[-50.47,-22.419],[-50.45,-22.459]]]},"properties":{"codarea":"3527900"}},{"type":"Feature","geometry":{"type":"Polygon","coordinates":[[[-48.827,-22.488],[-48.816,-22.541],[-48.764,-22.559],[-48.674,-22.552],[-48.653,-22.532],[-48.621,-22.502],[-48.642,-22.482],[-48.664,-22.465],[-48.668,-22.411],[-48.703,-22.369],[-48.731,-22.395],[-48.741,-22.453],[-48.773,-22.48],[-48.827,-22.488]]]},"properties":{"codarea":"3528007"}},{"type":"Feature","geometry":{"type":"Polygon","coordinates":[[[-49.907,-20.86],[-49.913,-20.814],[-49.905,-20.762],[-49.905,-20.76],[-49.925,-20.723],[-49.949,-20.746],[-49.992,-20.74],[-50.019,-20.76],[-50.024,-20.824],[-50.031,-20.89],[-50.051,-20.931],[-50.022,-20.944],[-50.033,-20.978],[-49.994,-20.95],[-49.975,-20.911],[-49.957,-20.907],[-49.907,-20.86]]]},"properties":{"codarea":"3528106"}},{"type":"Feature","geometry":{"type":"Polygon","coordinates":[[[-50.222,-20.205],[-50.202,-20.19],[-50.158,-20.191],[-50.148,-20.162],[-50.107,-20.146],[-50.097,-20.118],[-50.035,-20.084],[-50.074,-20.072],[-50.111,-20.038],[-50.157,-20.037],[-50.19,-19.986],[-50.206,-20.031],[-50.24,-20.045],[-50.295,-20.017],[-50.285,-20.064],[-50.309,-20.089],[-50.258,-20.107],[-50.27,-20.135],[-50.225,-20.177],[-50.222,-20.205]]]},"properties":{"codarea":"3528205"}},{"type":"Feature","geometry":{"type":"Polygon","coordinates":[[[-50.154,-20.505],[-50.203,-20.481],[-50.226,-20.495],[-50.285,-20.47],[-50.272,-20.522],[-50.286,-20.586],[-50.303,-20.634],[-50.285,-20.651],[-50.296,-20.713],[-50.265,-20.752],[-50.251,-20.737],[-50.213,-20.705],[-50.212,-20.68],[-50.171,-20.616],[-50.16,-20.561],[-50.138,-20.521],[-50.154,-20.505]]]},"properties":{"codarea":"3528304"}},{"type":"Feature","geometry":{"type":"Polygon","coordinates":[[[-47.205,-23.617],[-47.183,-23.602],[-47.158,-23.54],[-47.187,-23.483],[-47.176,-23.445],[-47.187,-23.418],[-47.326,-23.44],[-47.317,-23.463],[-47.282,-23.477],[-47.23,-23.513],[-47.24,-23.561],[-47.277,-23.597],[-47.25,-23.62],[-47.205,-23.617]]]},"properties":{"codarea":"3528403"}},{"type":"Feature","geometry":{"type":"Polygon","coordinates":[[[-46.515,-23.238],[-46.545,-23.241],[-46.615,-23.227],[-46.637,-23.258],[-46.637,-23.306],[-46.67,-23.363],[-46.655,-23.395],[-46.67,-23.419],[-46.634,-23.429],[-46.6,-23.388],[-46.535,-23.363],[-46.496,-23.348],[-46.448,-23.358],[-46.419,-23.316],[-46.448,-23.27],[-46.47,-23.283],[-46.515,-23.238]]]},"properties":{"codarea":"3528502"}},{"type":"Feature","geometry":{"type":"Polygon","coordinates":[[[-49.388,-23.054],[-49.33,-23.113],[-49.245,-23.145],[-49.241,-23.073],[-49.222,-23.037],[-49.246,-23.012],[-49.256,-22.976],[-49.304,-22.953],[-49.319,-22.97],[-49.369,-22.985],[-49.388,-23.054]]]},"properties":{"codarea":"3528601"}},{"type":"Feature","geometry":{"type":"Polygon","coordinates":[[[-52.209,-22.286],[-52.195,-22.26],[-52.106,-22.275],[-52.054,-22.273],[-51.934,-22.178],[-51.902,-22.198],[-51.874,-22.177],[-51.881,-22.103],[-51.864,-22.043],[-51.915,-22.007],[-51.963,-21.99],[-52.023,-21.949],[-52.038,-22.027],[-52.059,-22.03],[-52.088,-21.987],[-52.144,-21.998],[-52.193,-22.058],[-52.177,-22.074],[-52.225,-22.159],[-52.221,-22.259],[-52.285,-22.273],[-52.239,-22.291],[-52.209,-22.286]]]},"properties":{"codarea":"3528700"}},{"type":"Feature","geometry":{"type":"Polygon","coordinates":[[[-50.514,-22.604],[-50.579,-22.58],[-50.613,-22.544],[-50.637,-22.563],[-50.674,-22.513],[-50.692,-22.547],[-50.771,-22.582],[-50.828,-22.645],[-50.888,-22.656],[-50.906,-22.638],[-50.945,-22.675],[-50.934,-22.726],[-50.979,-22.783],[-50.928,-22.798],[-50.854,-22.745],[-50.796,-22.677],[-50.75,-22.675],[-50.738,-22.723],[-50.652,-22.685],[-50.585,-22.674],[-50.572,-22.692],[-50.573,-22.643],[-50.514,-22.604]]]},"properties":{"codarea":"3528809"}},{"type":"Feature","geometry":{"type":"Polygon","coordinates":[[[-49.145,-21.187],[-49.145,-21.216],[-49.221,-21.293],[-49.229,-21.315],[-49.234,-21.324],[-49.16,-21.287],[-49.124,-21.299],[-49.093,-21.28],[-49.059,-21.242],[-49.091,-21.221],[-49.109,-21.197],[-49.145,-21.187]]]},"properties":{"codarea":"3528858"}},{"type":"Feature","geometry":{"type":"Polygon","coordinates":[[[-51.224,-21.829],[-51.182,-21.833],[-51.155,-21.863],[-51.14,-21.857],[-51.095,-21.835],[-51.113,-21.801],[-51.092,-21.766],[-51.177,-21.692],[-51.208,-21.702],[-51.242,-21.736],[-51.249,-21.782],[-51.224,-21.829]]]},"properties":{"codarea":"3528908"}},{"type":"Feature","geometry":{"type":"Polygon","coordinates":[[[-49.913,-22.336],[-49.861,-22.263],[-49.863,-22.214],[-49.891,-22.143],[-49.864,-22.132],[-49.849,-22.097],[-49.82,-22.064],[-49.768,-22.047],[-49.814,-22.003],[-49.882,-21.97],[-49.967,-21.94],[-50.011,-21.925],[-50.06,-21.875],[-50.086,-21.931],[-50.047,-22.015],[-50.049,-22.045],[-50.004,-22.032],[-50.014,-22.081],[-50.039,-22.088],[-50.059,-22.124],[-50.041,-22.156],[-50.072,-22.215],[-50.15,-22.261],[-50.126,-22.287],[-50.138,-22.338],[-50.107,-22.416],[-50.069,-22.493],[-50.061,-22.499],[-50.041,-22.459],[-49.999,-22.413],[-49.963,-22.4],[-49.982,-22.328],[-49.913,-22.336]]]},"properties":{"codarea":"3529005"}},{"type":"Feature","geometry":{"type":"Polygon","coordinates":[[[-50.839,-20.412],[-50.858,-20.439],[-50.863,-20.526],[-50.873,-20.542],[-50.812,-20.531],[-50.8,-20.42],[-50.839,-20.412]]]},"properties":{"codarea":"3529104"}},{"type":"Feature","geometry":{"type":"Polygon","coordinates":[[[-51.155,-21.863],[-51.168,-21.93],[-51.185,-21.956],[-51.172,-21.994],[-51.191,-22.011],[-51.208,-22.068],[-51.242,-22.124],[-51.203,-22.178],[-51.23,-22.221],[-51.205,-22.298],[-51.219,-22.355],[-51.234,-22.41],[-51.272,-22.511],[-51.271,-22.545],[-51.217,-22.535],[-51.145,-22.48],[-51.1,-22.487],[-51.1,-22.39],[-51.112,-22.357],[-51.072,-22.323],[-51.081,-22.286],[-51.037,-22.213],[-51.043,-22.164],[-51.012,-22.144],[-50.996,-22.074],[-50.971,-22.039],[-50.979,-21.999],[-50.938,-21.951],[-50.966,-21.926],[-51.004,-21.921],[-51.053,-21.889],[-51.083,-21.882],[-51.111,-21.889],[-51.14,-21.857],[-51.155,-21.863]]]},"properties":{"codarea":"3529203"}},{"type":"Feature","geometry":{"type":"Polygon","coordinates":[[[-48.331,-21.697],[-48.306,-21.691],[-48.272,-21.645],[-48.285,-21.597],[-48.26,-21.539],[-48.263,-21.534],[-48.322,-21.55],[-48.351,-21.543],[-48.447,-21.546],[-48.471,-21.513],[-48.562,-21.532],[-48.596,-21.514],[-48.629,-21.559],[-48.574,-21.579],[-48.584,-21.628],[-48.512,-21.623],[-48.502,-21.697],[-48.479,-21.708],[-48.444,-21.724],[-48.346,-21.689],[-48.331,-21.697]]]},"properties":{"codarea":"3529302"}},{"type":"Feature","geometry":{"type":"Polygon","coordinates":[[[-46.475,-23.718],[-46.426,-23.678],[-46.384,-23.618],[-46.395,-23.613],[-46.421,-23.644],[-46.472,-23.639],[-46.486,-23.623],[-46.475,-23.718]]]},"properties":{"codarea":"3529401"}},{"type":"Feature","geometry":{"type":"Polygon","coordinates":[[[-49.518,-21.228],[-49.502,-21.206],[-49.462,-21.196],[-49.46,-21.177],[-49.496,-21.138],[-49.514,-21.158],[-49.55,-21.159],[-49.618,-21.128],[-49.661,-21.161],[-49.684,-21.204],[-49.609,-21.208],[-49.612,-21.261],[-49.572,-21.271],[-49.518,-21.228]]]},"properties":{"codarea":"3529500"}},{"type":"Feature","geometry":{"type":"Polygon","coordinates":[[[-50.145,-20.314],[-50.209,-20.329],[-50.23,-20.362],[-50.22,-20.381],[-50.261,-20.413],[-50.311,-20.469],[-50.285,-20.47],[-50.226,-20.495],[-50.203,-20.481],[-50.136,-20.424],[-50.139,-20.387],[-50.092,-20.375],[-50.081,-20.31],[-50.114,-20.321],[-50.145,-20.314]]]},"properties":{"codarea":"3529609"}},{"type":"Feature","geometry":{"type":"Polygon","coordinates":[[[-50.65,-20.004],[-50.619,-20.032],[-50.585,-20.036],[-50.552,-19.992],[-50.614,-19.861],[-50.658,-19.907],[-50.686,-19.916],[-50.662,-19.958],[-50.65,-20.004]]]},"properties":{"codarea":"3529658"}},{"type":"Feature","geometry":{"type":"Polygon","coordinates":[[[-48.04,-20.353],[-47.983,-20.28],[-47.924,-20.243],[-47.929,-20.214],[-47.889,-20.156],[-47.899,-20.126],[-47.931,-20.11],[-47.946,-20.061],[-47.981,-20.036],[-48.001,-20.101],[-48.02,-20.124],[-48.077,-20.148],[-48.105,-20.146],[-48.179,-20.096],[-48.203,-20.046],[-48.228,-20.028],[-48.253,-20.078],[-48.219,-20.128],[-48.265,-20.144],[-48.315,-20.114],[-48.375,-20.123],[-48.406,-20.113],[-48.452,-20.126],[-48.431,-20.148],[-48.362,-20.149],[-48.349,-20.186],[-48.266,-20.208],[-48.228,-20.2],[-48.217,-20.22],[-48.156,-20.236],[-48.15,-20.29],[-48.131,-20.317],[-48.093,-20.309],[-48.04,-20.353]]]},"properties":{"codarea":"3529708"}},{"type":"Feature","geometry":{"type":"Polygon","coordinates":[[[-48.51,-22.436],[-48.448,-22.523],[-48.452,-22.539],[-48.385,-22.58],[-48.36,-22.563],[-48.364,-22.495],[-48.399,-22.439],[-48.413,-22.381],[-48.481,-22.356],[-48.489,-22.39],[-48.515,-22.411],[-48.51,-22.436]]]},"properties":{"codarea":"3529807"}},{"type":"Feature","geometry":{"type":"Polygon","coordinates":[[[-47.558,-24.368],[-47.542,-24.358],[-47.367,-24.385],[-47.319,-24.34],[-47.332,-24.288],[-47.287,-24.278],[-47.295,-24.222],[-47.273,-24.183],[-47.288,-24.162],[-47.267,-24.115],[-47.227,-24.082],[-47.16,-24.053],[-47.163,-24.024],[-47.127,-24.009],[-47.2,-24.001],[-47.244,-24.022],[-47.312,-24.01],[-47.355,-24.022],[-47.373,-24.045],[-47.426,-24.069],[-47.452,-24.052],[-47.477,-24.081],[-47.482,-24.129],[-47.565,-24.185],[-47.549,-24.227],[-47.575,-24.268],[-47.558,-24.368]]]},"properties":{"codarea":"3529906"}},{"type":"Feature","geometry":{"type":"Polygon","coordinates":[[[-50.19,-19.986],[-50.157,-20.037],[-50.111,-20.038],[-50.056,-19.981],[-50.044,-19.916],[-50.106,-19.874],[-50.172,-19.875],[-50.184,-19.895],[-50.19,-19.986]]]},"properties":{"codarea":"3530003"}},{"type":"Feature","geometry":{"type":"Polygon","coordinates":[[[-51.225,-21.342],[-51.183,-21.309],[-51.174,-21.265],[-51.097,-21.151],[-51.054,-21.143],[-51.043,-21.095],[-51.053,-21.069],[-51.009,-21.019],[-50.952,-20.977],[-50.9,-20.91],[-50.932,-20.9],[-51.071,-20.831],[-51.118,-20.864],[-51.143,-20.855],[-51.13,-20.945],[-51.117,-20.989],[-51.135,-21.035],[-51.168,-21.041],[-51.207,-21.093],[-51.249,-21.105],[-51.267,-21.148],[-51.307,-21.172],[-51.311,-21.245],[-51.329,-21.293],[-51.286,-21.319],[-51.238,-21.327],[-51.225,-21.342]]]},"properties":{"codarea":"3530102"}},{"type":"Feature","geometry":{"type":"Polygon","coordinates":[[[-51.739,-22.18],[-51.772,-22.191],[-51.809,-22.177],[-51.822,-22.151],[-51.874,-22.177],[-51.902,-22.198],[-51.934,-22.178],[-52.054,-22.273],[-52.106,-22.275],[-52.195,-22.26],[-52.209,-22.286],[-52.229,-22.333],[-52.227,-22.375],[-52.183,-22.477],[-52.136,-22.527],[-52.109,-22.516],[-52.033,-22.539],[-52.017,-22.502],[-51.948,-22.515],[-51.918,-22.489],[-51.88,-22.424],[-51.846,-22.394],[-51.838,-22.358],[-51.791,-22.269],[-51.764,-22.275],[-51.754,-22.234],[-51.773,-22.217],[-51.739,-22.18]]]},"properties":{"codarea":"3530201"}},{"type":"Feature","geometry":{"type":"Polygon","coordinates":[[[-49.484,-20.694],[-49.495,-20.739],[-49.547,-20.764],[-49.576,-20.789],[-49.563,-20.822],[-49.573,-20.864],[-49.534,-20.873],[-49.566,-20.923],[-49.523,-20.975],[-49.507,-20.945],[-49.509,-20.903],[-49.437,-20.879],[-49.433,-20.853],[-49.459,-20.787],[-49.443,-20.745],[-49.459,-20.732],[-49.461,-20.685],[-49.465,-20.682],[-49.484,-20.694]]]},"properties":{"codarea":"3530300"}},{"type":"Feature","geometry":{"type":"Polygon","coordinates":[[[-49.478,-20.505],[-49.497,-20.497],[-49.531,-20.534],[-49.544,-20.617],[-49.531,-20.653],[-49.49,-20.666],[-49.484,-20.694],[-49.465,-20.682],[-49.423,-20.608],[-49.446,-20.543],[-49.478,-20.505]]]},"properties":{"codarea":"3530409"}},{"type":"Feature","geometry":{"type":"Polygon","coordinates":[[[-47.097,-21.568],[-47.081,-21.61],[-47.038,-21.623],[-46.979,-21.611],[-46.932,-21.541],[-46.911,-21.485],[-46.829,-21.497],[-46.806,-21.427],[-46.774,-21.415],[-46.782,-21.371],[-46.836,-21.371],[-46.842,-21.389],[-46.885,-21.407],[-46.933,-21.425],[-47.013,-21.419],[-46.997,-21.357],[-47.017,-21.342],[-47.044,-21.267],[-47.066,-21.269],[-47.13,-21.328],[-47.157,-21.302],[-47.192,-21.348],[-47.215,-21.427],[-47.241,-21.443],[-47.199,-21.491],[-47.131,-21.494],[-47.103,-21.539],[-47.097,-21.568]]]},"properties":{"codarea":"3530508"}},{"type":"Feature","geometry":{"type":"Polygon","coordinates":[[[-46.157,-23.343],[-46.202,-23.368],[-46.248,-23.406],[-46.271,-23.43],[-46.288,-23.49],[-46.262,-23.524],[-46.285,-23.566],[-46.259,-23.612],[-46.254,-23.65],[-46.267,-23.686],[-46.298,-23.705],[-46.322,-23.744],[-46.278,-23.77],[-46.24,-23.736],[-46.202,-23.751],[-46.17,-23.732],[-46.101,-23.718],[-46.082,-23.68],[-46.088,-23.575],[-46.112,-23.541],[-46.077,-23.515],[-46.054,-23.489],[-46.074,-23.452],[-46.14,-23.44],[-46.16,-23.388],[-46.157,-23.343]]]},"properties":{"codarea":"3530607"}},{"type":"Feature","geometry":{"type":"Polygon","coordinates":[[[-47.084,-22.3],[-47.032,-22.308],[-46.983,-22.378],[-46.94,-22.401],[-46.913,-22.377],[-46.872,-22.388],[-46.843,-22.34],[-46.791,-22.297],[-46.823,-22.267],[-46.9,-22.246],[-46.957,-22.296],[-46.97,-22.295],[-46.984,-22.2],[-46.927,-22.185],[-46.897,-22.205],[-46.9,-22.176],[-46.865,-22.131],[-46.875,-22.113],[-46.937,-22.146],[-47.017,-22.115],[-47.046,-22.116],[-47.1,-22.067],[-47.148,-22.109],[-47.197,-22.099],[-47.191,-22.174],[-47.224,-22.206],[-47.23,-22.257],[-47.184,-22.292],[-47.084,-22.3]]]},"properties":{"codarea":"3530706"}},{"type":"Feature","geometry":{"type":"Polygon","coordinates":[[[-47.048,-22.57],[-46.987,-22.544],[-46.918,-22.576],[-46.872,-22.548],[-46.863,-22.506],[-46.885,-22.465],[-46.864,-22.444],[-46.872,-22.388],[-46.913,-22.377],[-46.94,-22.401],[-46.983,-22.378],[-47.032,-22.308],[-47.084,-22.3],[-47.077,-22.329],[-47.09,-22.386],[-47.136,-22.47],[-47.086,-22.474],[-47.053,-22.517],[-47.055,-22.571],[-47.048,-22.57]]]},"properties":{"codarea":"3530805"}},{"type":"Feature","geometry":{"type":"Polygon","coordinates":[[[-47.519,-22.887],[-47.55,-22.907],[-47.609,-22.902],[-47.619,-22.923],[-47.701,-22.919],[-47.66,-22.997],[-47.623,-22.994],[-47.572,-22.968],[-47.525,-22.963],[-47.51,-22.896],[-47.519,-22.887]]]},"properties":{"codarea":"3530904"}},{"type":"Feature","geometry":{"type":"Polygon","coordinates":[[[-50.164,-20.875],[-50.092,-20.887],[-50.051,-20.931],[-50.031,-20.89],[-50.024,-20.824],[-50.093,-20.811],[-50.121,-20.831],[-50.164,-20.875]]]},"properties":{"codarea":"3531001"}},{"type":"Feature","geometry":{"type":"Polygon","coordinates":[[[-46.709,-24.144],[-46.604,-24.09],[-46.609,-24.038],[-46.593,-23.997],[-46.642,-24.01],[-46.743,-24.064],[-46.725,-24.132],[-46.709,-24.144]]]},"properties":{"codarea":"3531100"}},{"type":"Feature","geometry":{"type":"Polygon","coordinates":[[[-46.728,-22.655],[-46.728,-22.682],[-46.683,-22.737],[-46.708,-22.779],[-46.661,-22.769],[-46.613,-22.753],[-46.622,-22.723],[-46.629,-22.654],[-46.658,-22.664],[-46.679,-22.646],[-46.728,-22.655]]]},"properties":{"codarea":"3531209"}},{"type":"Feature","geometry":{"type":"Polygon","coordinates":[[[-48.45,-21.211],[-48.477,-21.179],[-48.536,-21.186],[-48.581,-21.166],[-48.585,-21.213],[-48.626,-21.196],[-48.652,-21.211],[-48.707,-21.207],[-48.696,-21.221],[-48.654,-21.231],[-48.619,-21.287],[-48.577,-21.34],[-48.545,-21.352],[-48.485,-21.334],[-48.451,-21.347],[-48.427,-21.319],[-48.425,-21.275],[-48.45,-21.211]]]},"properties":{"codarea":"3531308"}},{"type":"Feature","geometry":{"type":"Polygon","coordinates":[[[-49.834,-20.849],[-49.811,-20.834],[-49.77,-20.847],[-49.715,-20.848],[-49.701,-20.861],[-49.684,-20.833],[-49.632,-20.801],[-49.656,-20.772],[-49.626,-20.758],[-49.605,-20.707],[-49.649,-20.69],[-49.709,-20.637],[-49.775,-20.616],[-49.791,-20.593],[-49.839,-20.614],[-49.828,-20.633],[-49.876,-20.669],[-49.904,-20.71],[-49.948,-20.699],[-49.925,-20.723],[-49.905,-20.76],[-49.88,-20.725],[-49.852,-20.734],[-49.82,-20.674],[-49.8,-20.679],[-49.762,-20.718],[-49.777,-20.812],[-49.8,-20.817],[-49.858,-20.802],[-49.872,-20.763],[-49.905,-20.762],[-49.913,-20.814],[-49.907,-20.86],[-49.882,-20.845],[-49.834,-20.849]]]},"properties":{"codarea":"3531407"}},{"type":"Feature","geometry":{"type":"Polygon","coordinates":[[[-48.745,-20.84],[-48.744,-20.894],[-48.786,-20.934],[-48.718,-20.978],[-48.694,-21.007],[-48.686,-21.01],[-48.633,-20.977],[-48.608,-20.948],[-48.589,-20.897],[-48.633,-20.85],[-48.636,-20.819],[-48.651,-20.834],[-48.697,-20.837],[-48.719,-20.813],[-48.745,-20.84]]]},"properties":{"codarea":"3531506"}},{"type":"Feature","geometry":{"type":"Polygon","coordinates":[[[-51.498,-21.312],[-51.502,-21.221],[-51.523,-21.2],[-51.574,-21.187],[-51.614,-21.142],[-51.64,-21.163],[-51.621,-21.19],[-51.652,-21.285],[-51.616,-21.302],[-51.616,-21.327],[-51.61,-21.341],[-51.507,-21.332],[-51.498,-21.312]]]},"properties":{"codarea":"3531605"}},{"type":"Feature","geometry":{"type":"Polygon","coordinates":[[[-45.871,-22.872],[-45.864,-22.893],[-45.894,-22.942],[-45.881,-22.966],[-45.932,-23.02],[-45.886,-23.017],[-45.842,-23.041],[-45.725,-22.969],[-45.705,-22.948],[-45.675,-22.928],[-45.666,-22.882],[-45.67,-22.877],[-45.74,-22.89],[-45.768,-22.836],[-45.848,-22.838],[-45.871,-22.872]]]},"properties":{"codarea":"3531704"}},{"type":"Feature","geometry":{"type":"Polygon","coordinates":[[[-47.258,-22.899],[-47.275,-22.907],[-47.329,-22.892],[-47.342,-22.86],[-47.382,-22.88],[-47.396,-22.904],[-47.389,-22.984],[-47.291,-23.044],[-47.255,-22.998],[-47.233,-23.007],[-47.207,-22.995],[-47.202,-22.93],[-47.247,-22.91],[-47.258,-22.899]]]},"properties":{"codarea":"3531803"}},{"type":"Feature","geometry":{"type":"Polygon","coordinates":[[[-47.962,-20.814],[-47.981,-20.727],[-47.972,-20.683],[-47.989,-20.617],[-48.019,-20.599],[-48.084,-20.585],[-48.134,-20.494],[-48.159,-20.461],[-48.211,-20.455],[-48.281,-20.471],[-48.284,-20.499],[-48.326,-20.532],[-48.352,-20.524],[-48.384,-20.537],[-48.345,-20.575],[-48.32,-20.589],[-48.35,-20.646],[-48.338,-20.695],[-48.32,-20.726],[-48.297,-20.72],[-48.261,-20.738],[-48.243,-20.777],[-48.255,-20.806],[-48.24,-20.851],[-48.208,-20.875],[-48.179,-20.887],[-48.104,-20.9],[-48.058,-20.93],[-48.035,-20.905],[-47.985,-20.876],[-47.962,-20.814]]]},"properties":{"codarea":"3531902"}},{"type":"Feature","geometry":{"type":"Polygon","coordinates":[[[-46.761,-22.848],[-46.798,-22.834],[-46.837,-22.843],[-46.858,-22.836],[-46.851,-22.877],[-46.879,-22.927],[-46.758,-22.936],[-46.682,-22.93],[-46.682,-22.885],[-46.761,-22.848]]]},"properties":{"codarea":"3532009"}},{"type":"Feature","geometry":{"type":"Polygon","coordinates":[[[-48.26,-21.539],[-48.192,-21.618],[-48.166,-21.606],[-48.143,-21.554],[-48.096,-21.525],[-48.074,-21.479],[-48.109,-21.429],[-48.114,-21.421],[-48.235,-21.474],[-48.263,-21.534],[-48.26,-21.539]]]},"properties":{"codarea":"3532058"}},{"type":"Feature","geometry":{"type":"Polygon","coordinates":[[[-51.242,-20.858],[-51.291,-20.869],[-51.283,-20.919],[-51.306,-20.976],[-51.344,-20.982],[-51.402,-21.075],[-51.405,-21.135],[-51.376,-21.116],[-51.33,-21.111],[-51.32,-21.065],[-51.297,-21.041],[-51.266,-21.041],[-51.198,-20.95],[-51.242,-20.858]]]},"properties":{"codarea":"3532108"}},{"type":"Feature","geometry":{"type":"Polygon","coordinates":[[[-51.271,-22.545],[-51.284,-22.589],[-51.282,-22.643],[-51.298,-22.674],[-51.265,-22.668],[-51.214,-22.724],[-51.182,-22.692],[-51.159,-22.637],[-51.135,-22.604],[-51.1,-22.487],[-51.145,-22.48],[-51.217,-22.535],[-51.271,-22.545]]]},"properties":{"codarea":"3532157"}},{"type":"Feature","geometry":{"type":"Polygon","coordinates":[[[-51.493,-22.362],[-51.524,-22.356],[-51.553,-22.399],[-51.552,-22.525],[-51.578,-22.575],[-51.592,-22.624],[-51.628,-22.658],[-51.56,-22.697],[-51.517,-22.69],[-51.475,-22.679],[-51.446,-22.653],[-51.458,-22.569],[-51.453,-22.516],[-51.467,-22.485],[-51.52,-22.459],[-51.493,-22.362]]]},"properties":{"codarea":"3532207"}},{"type":"Feature","geometry":{"type":"Polygon","coordinates":[[[-45.566,-23.332],[-45.577,-23.363],[-45.539,-23.376],[-45.562,-23.414],[-45.553,-23.453],[-45.52,-23.483],[-45.483,-23.56],[-45.457,-23.577],[-45.444,-23.556],[-45.349,-23.548],[-45.307,-23.496],[-45.273,-23.483],[-45.176,-23.439],[-45.175,-23.395],[-45.204,-23.396],[-45.191,-23.315],[-45.227,-23.332],[-45.274,-23.319],[-45.314,-23.326],[-45.381,-23.289],[-45.445,-23.293],[-45.468,-23.312],[-45.566,-23.332]]]},"properties":{"codarea":"3532306"}},{"type":"Feature","geometry":{"type":"Polygon","coordinates":[[[-46.515,-23.238],[-46.47,-23.283],[-46.448,-23.27],[-46.419,-23.316],[-46.364,-23.274],[-46.311,-23.227],[-46.31,-23.205],[-46.262,-23.186],[-46.215,-23.108],[-46.28,-23.115],[-46.33,-23.1],[-46.415,-23.121],[-46.44,-23.199],[-46.472,-23.233],[-46.509,-23.233],[-46.515,-23.238]]]},"properties":{"codarea":"3532405"}},{"type":"Feature","geometry":{"type":"Polygon","coordinates":[[[-49.626,-20.758],[-49.656,-20.772],[-49.632,-20.801],[-49.684,-20.833],[-49.701,-20.861],[-49.726,-20.932],[-49.696,-20.966],[-49.635,-20.972],[-49.627,-20.88],[-49.573,-20.864],[-49.563,-20.822],[-49.576,-20.789],[-49.626,-20.758]]]},"properties":{"codarea":"3532504"}},{"type":"Feature","geometry":{"type":"Polygon","coordinates":[[[-49.948,-20.699],[-49.972,-20.658],[-49.986,-20.608],[-49.983,-20.572],[-50.017,-20.539],[-50.071,-20.541],[-50.12,-20.522],[-50.129,-20.557],[-50.114,-20.6],[-50.089,-20.631],[-50.123,-20.683],[-50.114,-20.764],[-50.121,-20.831],[-50.093,-20.811],[-50.024,-20.824],[-50.019,-20.76],[-49.992,-20.74],[-49.949,-20.746],[-49.925,-20.723],[-49.948,-20.699]]]},"properties":{"codarea":"3532603"}},{"type":"Feature","geometry":{"type":"Polygon","coordinates":[[[-49.701,-20.861],[-49.715,-20.848],[-49.77,-20.847],[-49.811,-20.834],[-49.834,-20.849],[-49.851,-20.932],[-49.827,-20.954],[-49.792,-20.934],[-49.726,-20.932],[-49.701,-20.861]]]},"properties":{"codarea":"3532702"}},{"type":"Feature","geometry":{"type":"Polygon","coordinates":[[[-49.446,-20.985],[-49.482,-20.949],[-49.507,-20.945],[-49.523,-20.975],[-49.557,-21.025],[-49.582,-21.118],[-49.618,-21.128],[-49.55,-21.159],[-49.514,-21.158],[-49.496,-21.138],[-49.483,-21.132],[-49.464,-21.07],[-49.456,-21.001],[-49.446,-20.985]]]},"properties":{"codarea":"3532801"}},{"type":"Feature","geometry":{"type":"Polygon","coordinates":[[[-48.822,-24.128],[-48.857,-24.1],[-48.983,-24.101],[-49.015,-24.154],[-49.06,-24.19],[-49.137,-24.186],[-49.148,-24.258],[-49.108,-24.251],[-49.063,-24.243],[-48.987,-24.312],[-48.943,-24.256],[-48.886,-24.204],[-48.865,-24.161],[-48.827,-24.174],[-48.822,-24.128]]]},"properties":{"codarea":"3532827"}},{"type":"Feature","geometry":{"type":"Polygon","coordinates":[[[-50.967,-20.4],[-50.881,-20.423],[-50.844,-20.415],[-50.854,-20.386],[-50.88,-20.318],[-50.933,-20.311],[-50.947,-20.343],[-50.977,-20.369],[-50.967,-20.4]]]},"properties":{"codarea":"3532843"}},{"type":"Feature","geometry":{"type":"Polygon","coordinates":[[[-50.296,-20.713],[-50.398,-20.723],[-50.414,-20.739],[-50.432,-20.797],[-50.384,-20.809],[-50.373,-20.854],[-50.336,-20.846],[-50.291,-20.836],[-50.265,-20.752],[-50.296,-20.713]]]},"properties":{"codarea":"3532868"}},{"type":"Feature","geometry":{"type":"Polygon","coordinates":[[[-48.479,-21.708],[-48.526,-21.716],[-48.553,-21.743],[-48.63,-21.774],[-48.648,-21.818],[-48.67,-21.832],[-48.658,-21.845],[-48.594,-21.846],[-48.595,-21.829],[-48.539,-21.796],[-48.504,-21.794],[-48.448,-21.753],[-48.444,-21.724],[-48.479,-21.708]]]},"properties":{"codarea":"3532900"}},{"type":"Feature","geometry":{"type":"Polygon","coordinates":[[[-49.22,-20.472],[-49.228,-20.412],[-49.267,-20.421],[-49.273,-20.341],[-49.308,-20.311],[-49.307,-20.302],[-49.336,-20.319],[-49.398,-20.378],[-49.409,-20.4],[-49.398,-20.436],[-49.463,-20.501],[-49.478,-20.505],[-49.446,-20.543],[-49.364,-20.606],[-49.34,-20.608],[-49.299,-20.582],[-49.248,-20.566],[-49.2,-20.536],[-49.22,-20.472]]]},"properties":{"codarea":"3533007"}},{"type":"Feature","geometry":{"type":"Polygon","coordinates":[[[-51.682,-21.304],[-51.676,-21.347],[-51.626,-21.355],[-51.616,-21.327],[-51.616,-21.302],[-51.652,-21.285],[-51.682,-21.304]]]},"properties":{"codarea":"3533106"}},{"type":"Feature","geometry":{"type":"Polygon","coordinates":[[[-51.402,-21.075],[-51.444,-21.081],[-51.476,-21.05],[-51.535,-21.095],[-51.591,-21.087],[-51.642,-21.147],[-51.64,-21.163],[-51.64,-21.163],[-51.614,-21.142],[-51.574,-21.187],[-51.523,-21.2],[-51.502,-21.221],[-51.486,-21.233],[-51.479,-21.209],[-51.422,-21.173],[-51.405,-21.135],[-51.402,-21.075]]]},"properties":{"codarea":"3533205"}},{"type":"Feature","geometry":{"type":"Polygon","coordinates":[[[-48.909,-20.915],[-48.96,-20.944],[-48.961,-21.031],[-48.94,-21.06],[-48.889,-21.035],[-48.86,-21.006],[-48.909,-20.915]]]},"properties":{"codarea":"3533254"}},{"type":"Feature","geometry":{"type":"Polygon","coordinates":[[[-50.164,-20.875],[-50.213,-20.866],[-50.24,-20.837],[-50.291,-20.836],[-50.336,-20.846],[-50.323,-20.873],[-50.277,-20.884],[-50.263,-20.906],[-50.181,-20.901],[-50.164,-20.875]]]},"properties":{"codarea":"3533304"}},{"type":"Feature","geometry":{"type":"Polygon","coordinates":[[[-47.358,-22.817],[-47.304,-22.822],[-47.283,-22.801],[-47.211,-22.795],[-47.211,-22.743],[-47.268,-22.767],[-47.288,-22.754],[-47.351,-22.785],[-47.358,-22.817]]]},"properties":{"codarea":"3533403"}},{"type":"Feature","geometry":{"type":"Polygon","coordinates":[[[-49.082,-21.465],[-49.068,-21.436],[-49.081,-21.408],[-49.172,-21.412],[-49.186,-21.364],[-49.22,-21.357],[-49.234,-21.324],[-49.229,-21.315],[-49.285,-21.289],[-49.321,-21.315],[-49.329,-21.35],[-49.367,-21.348],[-49.396,-21.372],[-49.434,-21.416],[-49.467,-21.44],[-49.522,-21.448],[-49.547,-21.423],[-49.484,-21.503],[-49.446,-21.524],[-49.412,-21.544],[-49.379,-21.535],[-49.328,-21.559],[-49.312,-21.617],[-49.273,-21.659],[-49.239,-21.671],[-49.213,-21.671],[-49.241,-21.624],[-49.188,-21.596],[-49.156,-21.556],[-49.15,-21.53],[-49.082,-21.465]]]},"properties":{"codarea":"3533502"}},{"type":"Feature","geometry":{"type":"Polygon","coordinates":[[[-47.718,-20.815],[-47.663,-20.82],[-47.65,-20.771],[-47.651,-20.721],[-47.612,-20.7],[-47.639,-20.671],[-47.714,-20.626],[-47.743,-20.596],[-47.788,-20.581],[-47.807,-20.613],[-47.801,-20.644],[-47.832,-20.683],[-47.809,-20.706],[-47.825,-20.745],[-47.787,-20.75],[-47.781,-20.779],[-47.718,-20.815]]]},"properties":{"codarea":"3533601"}},{"type":"Feature","geometry":{"type":"Polygon","coordinates":[[[-50.061,-22.499],[-50.027,-22.511],[-49.999,-22.498],[-49.982,-22.53],[-49.926,-22.541],[-49.888,-22.526],[-49.885,-22.506],[-49.855,-22.429],[-49.855,-22.357],[-49.913,-22.336],[-49.982,-22.328],[-49.963,-22.4],[-49.999,-22.413],[-50.041,-22.459],[-50.061,-22.499]]]},"properties":{"codarea":"3533700"}},{"type":"Feature","geometry":{"type":"Polygon","coordinates":[[[-49.304,-22.953],[-49.292,-22.93],[-49.309,-22.898],[-49.37,-22.883],[-49.397,-22.882],[-49.459,-22.913],[-49.457,-22.975],[-49.412,-23.052],[-49.388,-23.054],[-49.369,-22.985],[-49.319,-22.97],[-49.304,-22.953]]]},"properties":{"codarea":"3533809"}},{"type":"Feature","geometry":{"type":"Polygon","coordinates":[[[-48.852,-20.545],[-48.883,-20.546],[-48.99,-20.582],[-49.015,-20.65],[-49.05,-20.628],[-49.119,-20.604],[-49.129,-20.676],[-49.118,-20.74],[-49.099,-20.783],[-49.079,-20.812],[-49.022,-20.851],[-48.984,-20.849],[-48.949,-20.869],[-48.92,-20.813],[-48.892,-20.824],[-48.842,-20.772],[-48.821,-20.772],[-48.792,-20.725],[-48.787,-20.689],[-48.805,-20.653],[-48.841,-20.652],[-48.846,-20.625],[-48.831,-20.571],[-48.852,-20.545]]]},"properties":{"codarea":"3533908"}},{"type":"Feature","geometry":{"type":"Polygon","coordinates":[[[-49.352,-20.635],[-49.345,-20.663],[-49.293,-20.685],[-49.267,-20.68],[-49.221,-20.679],[-49.179,-20.662],[-49.131,-20.595],[-49.176,-20.546],[-49.2,-20.536],[-49.248,-20.566],[-49.299,-20.582],[-49.34,-20.608],[-49.364,-20.606],[-49.352,-20.635]]]},"properties":{"codarea":"3534005"}},{"type":"Feature","geometry":{"type":"Polygon","coordinates":[[[-50.15,-22.261],[-50.072,-22.215],[-50.041,-22.156],[-50.059,-22.124],[-50.039,-22.088],[-50.014,-22.081],[-50.004,-22.032],[-50.049,-22.045],[-50.088,-22.027],[-50.139,-22.125],[-50.135,-22.147],[-50.17,-22.191],[-50.158,-22.225],[-50.173,-22.246],[-50.15,-22.261]]]},"properties":{"codarea":"3534104"}},{"type":"Feature","geometry":{"type":"Polygon","coordinates":[[[-49.458,-20.218],[-49.425,-20.217],[-49.402,-20.24],[-49.349,-20.251],[-49.307,-20.302],[-49.308,-20.311],[-49.26,-20.259],[-49.265,-20.23],[-49.299,-20.167],[-49.306,-20.117],[-49.333,-20.12],[-49.377,-20.145],[-49.45,-20.129],[-49.443,-20.159],[-49.46,-20.186],[-49.458,-20.218]]]},"properties":{"codarea":"3534203"}},{"type":"Feature","geometry":{"type":"Polygon","coordinates":[[[-47.807,-20.613],[-47.881,-20.647],[-47.929,-20.613],[-47.931,-20.587],[-47.989,-20.617],[-47.972,-20.683],[-47.981,-20.727],[-47.962,-20.814],[-47.899,-20.796],[-47.867,-20.758],[-47.825,-20.745],[-47.809,-20.706],[-47.832,-20.683],[-47.801,-20.644],[-47.807,-20.613]]]},"properties":{"codarea":"3534302"}},{"type":"Feature","geometry":{"type":"Polygon","coordinates":[[[-46.808,-23.609],[-46.806,-23.584],[-46.773,-23.57],[-46.76,-23.529],[-46.775,-23.464],[-46.8,-23.471],[-46.817,-23.521],[-46.817,-23.582],[-46.808,-23.609]]]},"properties":{"codarea":"3534401"}},{"type":"Feature","geometry":{"type":"Polygon","coordinates":[[[-50.299,-22.209],[-50.325,-22.271],[-50.333,-22.339],[-50.324,-22.359],[-50.237,-22.379],[-50.229,-22.354],[-50.169,-22.32],[-50.183,-22.263],[-50.173,-22.246],[-50.228,-22.238],[-50.255,-22.213],[-50.299,-22.209]]]},"properties":{"codarea":"3534500"}},{"type":"Feature","geometry":{"type":"Polygon","coordinates":[[[-50.904,-21.87],[-50.867,-21.837],[-50.839,-21.829],[-50.824,-21.801],[-50.857,-21.778],[-50.827,-21.689],[-50.777,-21.588],[-50.78,-21.568],[-50.773,-21.545],[-50.809,-21.56],[-50.823,-21.618],[-50.861,-21.651],[-50.88,-21.689],[-50.915,-21.669],[-50.94,-21.71],[-50.93,-21.762],[-50.935,-21.796],[-50.961,-21.823],[-50.904,-21.87]]]},"properties":{"codarea":"3534609"}},{"type":"Feature","geometry":{"type":"Polygon","coordinates":[[[-49.972,-22.959],[-49.955,-22.978],[-49.902,-22.999],[-49.912,-23.051],[-49.867,-23.072],[-49.834,-23.066],[-49.837,-23.046],[-49.793,-22.967],[-49.763,-22.97],[-49.763,-22.89],[-49.779,-22.877],[-49.814,-22.855],[-49.884,-22.838],[-49.886,-22.904],[-49.972,-22.959]]]},"properties":{"codarea":"3534708"}},{"type":"Feature","geometry":{"type":"Polygon","coordinates":[[[-50.332,-20.036],[-50.352,-19.917],[-50.337,-19.869],[-50.417,-19.801],[-50.454,-19.786],[-50.48,-19.827],[-50.474,-19.869],[-50.441,-19.932],[-50.433,-19.984],[-50.423,-20.055],[-50.377,-20.056],[-50.363,-20.033],[-50.332,-20.036]]]},"properties":{"codarea":"3534757"}},{"type":"Feature","geometry":{"type":"Polygon","coordinates":[[[-51.773,-21.388],[-51.753,-21.45],[-51.797,-21.519],[-51.82,-21.525],[-51.843,-21.578],[-51.782,-21.603],[-51.714,-21.596],[-51.647,-21.511],[-51.68,-21.477],[-51.669,-21.433],[-51.723,-21.395],[-51.773,-21.388]]]},"properties":{"codarea":"3534807"}},{"type":"Feature","geometry":{"type":"Polygon","coordinates":[[[-51.355,-21.636],[-51.323,-21.657],[-51.265,-21.675],[-51.233,-21.629],[-51.246,-21.593],[-51.231,-21.576],[-51.235,-21.45],[-51.207,-21.415],[-51.214,-21.355],[-51.225,-21.342],[-51.238,-21.327],[-51.286,-21.319],[-51.312,-21.368],[-51.305,-21.394],[-51.319,-21.451],[-51.308,-21.521],[-51.325,-21.585],[-51.355,-21.636]]]},"properties":{"codarea":"3534906"}},{"type":"Feature","geometry":{"type":"Polygon","coordinates":[[[-49.307,-20.302],[-49.349,-20.251],[-49.402,-20.24],[-49.425,-20.217],[-49.458,-20.218],[-49.496,-20.23],[-49.516,-20.213],[-49.574,-20.208],[-49.624,-20.177],[-49.654,-20.171],[-49.687,-20.201],[-49.687,-20.224],[-49.648,-20.26],[-49.617,-20.323],[-49.575,-20.351],[-49.525,-20.48],[-49.497,-20.497],[-49.478,-20.505],[-49.463,-20.501],[-49.398,-20.436],[-49.409,-20.4],[-49.398,-20.378],[-49.336,-20.319],[-49.307,-20.302]]]},"properties":{"codarea":"3535002"}},{"type":"Feature","geometry":{"type":"Polygon","coordinates":[[[-48.847,-21.137],[-48.799,-21.15],[-48.774,-21.109],[-48.777,-21.099],[-48.819,-21.042],[-48.86,-21.071],[-48.883,-21.105],[-48.873,-21.134],[-48.847,-21.137]]]},"properties":{"codarea":"3535101"}},{"type":"Feature","geometry":{"type":"Polygon","coordinates":[[[-50.812,-20.531],[-50.769,-20.545],[-50.725,-20.527],[-50.679,-20.53],[-50.656,-20.517],[-50.672,-20.438],[-50.68,-20.395],[-50.704,-20.381],[-50.715,-20.34],[-50.742,-20.324],[-50.785,-20.336],[-50.827,-20.331],[-50.823,-20.374],[-50.854,-20.386],[-50.844,-20.415],[-50.839,-20.412],[-50.8,-20.42],[-50.812,-20.531]]]},"properties":{"codarea":"3535200"}},{"type":"Feature","geometry":{"type":"Polygon","coordinates":[[[-50.34,-22.948],[-50.276,-22.932],[-50.243,-22.951],[-50.204,-22.953],[-50.133,-22.94],[-50.127,-22.848],[-50.099,-22.782],[-50.113,-22.768],[-50.123,-22.715],[-50.245,-22.689],[-50.262,-22.701],[-50.291,-22.755],[-50.291,-22.774],[-50.329,-22.805],[-50.34,-22.842],[-50.333,-22.88],[-50.359,-22.916],[-50.34,-22.948]]]},"properties":{"codarea":"3535309"}},{"type":"Feature","geometry":{"type":"Polygon","coordinates":[[[-51.809,-21.375],[-51.861,-21.337],[-51.9,-21.378],[-51.929,-21.456],[-51.962,-21.493],[-51.964,-21.523],[-51.941,-21.547],[-51.88,-21.581],[-51.86,-21.581],[-51.843,-21.578],[-51.82,-21.525],[-51.797,-21.519],[-51.753,-21.45],[-51.773,-21.388],[-51.809,-21.375]]]},"properties":{"codarea":"3535408"}},{"type":"Feature","geometry":{"type":"Polygon","coordinates":[[[-50.45,-22.459],[-50.47,-22.419],[-50.442,-22.356],[-50.465,-22.316],[-50.49,-22.319],[-50.559,-22.295],[-50.621,-22.294],[-50.646,-22.312],[-50.681,-22.294],[-50.696,-22.371],[-50.695,-22.4],[-50.753,-22.433],[-50.783,-22.435],[-50.83,-22.428],[-50.844,-22.447],[-50.831,-22.484],[-50.857,-22.53],[-50.842,-22.55],[-50.846,-22.618],[-50.828,-22.645],[-50.771,-22.582],[-50.692,-22.547],[-50.674,-22.513],[-50.637,-22.563],[-50.613,-22.544],[-50.579,-22.58],[-50.514,-22.604],[-50.459,-22.551],[-50.46,-22.53],[-50.414,-22.517],[-50.45,-22.459]]]},"properties":{"codarea":"3535507"}},{"type":"Feature","geometry":{"type":"Polygon","coordinates":[[[-45.789,-23.493],[-45.746,-23.539],[-45.74,-23.583],[-45.703,-23.637],[-45.637,-23.622],[-45.631,-23.657],[-45.581,-23.646],[-45.54,-23.597],[-45.524,-23.605],[-45.487,-23.573],[-45.457,-23.577],[-45.483,-23.56],[-45.52,-23.483],[-45.553,-23.453],[-45.562,-23.414],[-45.539,-23.376],[-45.577,-23.363],[-45.566,-23.332],[-45.646,-23.291],[-45.706,-23.338],[-45.782,-23.356],[-45.755,-23.389],[-45.778,-23.415],[-45.764,-23.441],[-45.786,-23.46],[-45.789,-23.493]]]},"properties":{"codarea":"3535606"}},{"type":"Feature","geometry":{"type":"Polygon","coordinates":[[[-48.819,-21.042],[-48.777,-21.099],[-48.725,-21.073],[-48.694,-21.007],[-48.718,-20.978],[-48.786,-20.934],[-48.796,-20.936],[-48.805,-20.987],[-48.844,-21.015],[-48.819,-21.042]]]},"properties":{"codarea":"3535705"}},{"type":"Feature","geometry":{"type":"Polygon","coordinates":[[[-48.781,-23.643],[-48.765,-23.613],[-48.694,-23.601],[-48.678,-23.588],[-48.622,-23.594],[-48.609,-23.582],[-48.637,-23.526],[-48.624,-23.482],[-48.643,-23.472],[-48.653,-23.429],[-48.633,-23.398],[-48.628,-23.356],[-48.648,-23.329],[-48.704,-23.342],[-48.774,-23.302],[-48.809,-23.268],[-48.848,-23.283],[-48.883,-23.281],[-48.929,-23.299],[-48.985,-23.288],[-49.001,-23.378],[-48.978,-23.411],[-48.92,-23.471],[-48.898,-23.508],[-48.853,-23.539],[-48.833,-23.598],[-48.8,-23.639],[-48.781,-23.643]]]},"properties":{"codarea":"3535804"}},{"type":"Feature","geometry":{"type":"Polygon","coordinates":[[[-50.552,-19.992],[-50.585,-20.036],[-50.619,-20.032],[-50.65,-20.004],[-50.663,-20.061],[-50.661,-20.087],[-50.611,-20.131],[-50.585,-20.141],[-50.551,-20.113],[-50.56,-20.092],[-50.519,-20.036],[-50.518,-20.029],[-50.552,-19.992]]]},"properties":{"codarea":"3535903"}},{"type":"Feature","geometry":{"type":"Polygon","coordinates":[[[-50.718,-21.799],[-50.777,-21.733],[-50.809,-21.718],[-50.827,-21.689],[-50.857,-21.778],[-50.824,-21.801],[-50.839,-21.829],[-50.867,-21.837],[-50.904,-21.87],[-50.966,-21.926],[-50.938,-21.951],[-50.865,-21.969],[-50.814,-21.951],[-50.774,-21.904],[-50.737,-21.878],[-50.711,-21.847],[-50.718,-21.799]]]},"properties":{"codarea":"3536000"}},{"type":"Feature","geometry":{"type":"Polygon","coordinates":[[[-48.428,-23.203],[-48.387,-23.186],[-48.364,-23.156],[-48.326,-23.136],[-48.357,-23.101],[-48.35,-23.011],[-48.417,-22.999],[-48.459,-23.081],[-48.476,-23.082],[-48.45,-23.174],[-48.428,-23.203]]]},"properties":{"codarea":"3536109"}},{"type":"Feature","geometry":{"type":"Polygon","coordinates":[[[-47.943,-24.767],[-47.867,-24.797],[-47.83,-24.756],[-47.812,-24.77],[-47.747,-24.642],[-47.728,-24.622],[-47.778,-24.574],[-47.817,-24.566],[-47.866,-24.579],[-47.918,-24.628],[-47.927,-24.673],[-47.964,-24.721],[-47.943,-24.767]]]},"properties":{"codarea":"3536208"}},{"type":"Feature","geometry":{"type":"Polygon","coordinates":[[[-50.008,-20.332],[-50.002,-20.279],[-50.028,-20.182],[-50.032,-20.203],[-50.072,-20.246],[-50.078,-20.305],[-50.053,-20.336],[-50.008,-20.332]]]},"properties":{"codarea":"3536257"}},{"type":"Feature","geometry":{"type":"Polygon","coordinates":[[[-47.186,-20.731],[-47.237,-20.686],[-47.252,-20.648],[-47.184,-20.603],[-47.153,-20.599],[-47.143,-20.566],[-47.138,-20.561],[-47.144,-20.541],[-47.182,-20.54],[-47.197,-20.558],[-47.24,-20.523],[-47.263,-20.548],[-47.299,-20.552],[-47.358,-20.624],[-47.347,-20.671],[-47.367,-20.712],[-47.424,-20.736],[-47.453,-20.76],[-47.412,-20.809],[-47.343,-20.83],[-47.327,-20.859],[-47.289,-20.837],[-47.246,-20.865],[-47.227,-20.857],[-47.227,-20.855],[-47.215,-20.827],[-47.225,-20.801],[-47.189,-20.771],[-47.186,-20.731]]]},"properties":{"codarea":"3536307"}},{"type":"Feature","geometry":{"type":"Polygon","coordinates":[[[-51.861,-21.337],[-51.809,-21.375],[-51.757,-21.288],[-51.796,-21.267],[-51.773,-21.237],[-51.732,-21.225],[-51.682,-21.149],[-51.698,-21.092],[-51.773,-21.051],[-51.79,-21.102],[-51.824,-21.127],[-51.865,-21.131],[-51.879,-21.148],[-51.88,-21.198],[-51.849,-21.267],[-51.861,-21.337]]]},"properties":{"codarea":"3536406"}},{"type":"Feature","geometry":{"type":"Polygon","coordinates":[[[-47.211,-22.795],[-47.164,-22.805],[-47.12,-22.81],[-47.095,-22.78],[-47.101,-22.75],[-47.103,-22.724],[-47.067,-22.703],[-47.074,-22.68],[-47.103,-22.69],[-47.138,-22.684],[-47.169,-22.695],[-47.194,-22.73],[-47.211,-22.743],[-47.211,-22.795]]]},"properties":{"codarea":"3536505"}},{"type":"Feature","geometry":{"type":"Polygon","coordinates":[[[-49.267,-22.494],[-49.347,-22.533],[-49.358,-22.549],[-49.452,-22.576],[-49.454,-22.584],[-49.419,-22.621],[-49.351,-22.643],[-49.314,-22.633],[-49.276,-22.596],[-49.179,-22.579],[-49.151,-22.52],[-49.214,-22.52],[-49.267,-22.494]]]},"properties":{"codarea":"3536570"}},{"type":"Feature","geometry":{"type":"Polygon","coordinates":[[[-49.25,-19.969],[-49.297,-19.96],[-49.356,-19.987],[-49.454,-19.978],[-49.493,-19.95],[-49.514,-19.914],[-49.551,-19.906],[-49.613,-19.92],[-49.55,-20.023],[-49.551,-20.068],[-49.593,-20.079],[-49.599,-20.116],[-49.624,-20.177],[-49.574,-20.208],[-49.516,-20.213],[-49.496,-20.23],[-49.458,-20.218],[-49.46,-20.186],[-49.443,-20.159],[-49.45,-20.129],[-49.377,-20.145],[-49.333,-20.12],[-49.306,-20.117],[-49.307,-20.06],[-49.297,-20.017],[-49.248,-20.0],[-49.25,-19.969]]]},"properties":{"codarea":"3536604"}},{"type":"Feature","geometry":{"type":"Polygon","coordinates":[[[-48.733,-22.317],[-48.772,-22.227],[-48.803,-22.232],[-48.819,-22.192],[-48.856,-22.167],[-48.844,-22.129],[-48.861,-22.091],[-48.908,-22.125],[-48.917,-22.147],[-48.992,-22.217],[-49.034,-22.207],[-49.054,-22.238],[-49.037,-22.274],[-48.934,-22.341],[-48.911,-22.338],[-48.915,-22.398],[-48.881,-22.384],[-48.855,-22.409],[-48.861,-22.484],[-48.827,-22.488],[-48.773,-22.48],[-48.741,-22.453],[-48.731,-22.395],[-48.703,-22.369],[-48.733,-22.317]]]},"properties":{"codarea":"3536703"}},{"type":"Feature","geometry":{"type":"Polygon","coordinates":[[[-46.374,-22.82],[-46.362,-22.789],[-46.333,-22.766],[-46.373,-22.747],[-46.453,-22.728],[-46.473,-22.705],[-46.507,-22.728],[-46.487,-22.764],[-46.533,-22.807],[-46.528,-22.827],[-46.443,-22.825],[-46.404,-22.807],[-46.374,-22.82]]]},"properties":{"codarea":"3536802"}},{"type":"Feature","geometry":{"type":"Polygon","coordinates":[[[-50.035,-20.084],[-50.097,-20.118],[-50.107,-20.146],[-50.148,-20.162],[-50.158,-20.191],[-50.202,-20.19],[-50.222,-20.205],[-50.23,-20.219],[-50.164,-20.242],[-50.145,-20.314],[-50.114,-20.321],[-50.081,-20.31],[-50.078,-20.305],[-50.072,-20.246],[-50.032,-20.203],[-50.028,-20.182],[-50.023,-20.136],[-50.035,-20.084]]]},"properties":{"codarea":"3536901"}},{"type":"Feature","geometry":{"type":"Polygon","coordinates":[[[-47.611,-20.277],[-47.594,-20.288],[-47.498,-20.316],[-47.465,-20.308],[-47.421,-20.319],[-47.346,-20.27],[-47.302,-20.273],[-47.277,-20.292],[-47.233,-20.227],[-47.231,-20.219],[-47.262,-20.16],[-47.296,-20.146],[-47.329,-20.115],[-47.35,-20.163],[-47.398,-20.141],[-47.411,-20.117],[-47.444,-20.126],[-47.473,-20.061],[-47.542,-20.013],[-47.509,-20.06],[-47.52,-20.107],[-47.542,-20.134],[-47.609,-20.16],[-47.593,-20.18],[-47.619,-20.219],[-47.603,-20.253],[-47.611,-20.277]]]},"properties":{"codarea":"3537008"}},{"type":"Feature","geometry":{"type":"Polygon","coordinates":[[[-46.957,-22.729],[-46.905,-22.763],[-46.891,-22.817],[-46.858,-22.836],[-46.837,-22.843],[-46.835,-22.776],[-46.887,-22.686],[-46.931,-22.682],[-46.931,-22.683],[-46.957,-22.729]]]},"properties":{"codarea":"3537107"}},{"type":"Feature","geometry":{"type":"Polygon","coordinates":[[[-50.718,-22.801],[-50.766,-22.773],[-50.799,-22.796],[-50.836,-22.782],[-50.854,-22.745],[-50.928,-22.798],[-50.895,-22.794],[-50.842,-22.831],[-50.824,-22.866],[-50.761,-22.881],[-50.716,-22.827],[-50.718,-22.801]]]},"properties":{"codarea":"3537156"}},{"type":"Feature","geometry":{"type":"Polygon","coordinates":[[[-47.247,-24.362],[-47.197,-24.285],[-47.197,-24.244],[-47.148,-24.207],[-47.122,-24.223],[-47.067,-24.201],[-47.031,-24.148],[-46.983,-24.123],[-46.968,-24.108],[-46.979,-24.064],[-47.027,-24.052],[-47.056,-24.01],[-47.127,-24.009],[-47.163,-24.024],[-47.16,-24.053],[-47.227,-24.082],[-47.267,-24.115],[-47.288,-24.162],[-47.273,-24.183],[-47.295,-24.222],[-47.287,-24.278],[-47.332,-24.288],[-47.319,-24.34],[-47.3,-24.36],[-47.247,-24.362]]]},"properties":{"codarea":"3537206"}},{"type":"Feature","geometry":{"type":"Polygon","coordinates":[[[-50.274,-21.559],[-50.24,-21.536],[-50.147,-21.528],[-50.145,-21.551],[-50.104,-21.558],[-50.107,-21.589],[-50.061,-21.584],[-49.987,-21.487],[-50.004,-21.465],[-50.005,-21.424],[-49.98,-21.378],[-49.978,-21.35],[-49.986,-21.319],[-50.025,-21.273],[-49.992,-21.227],[-50.027,-21.211],[-50.091,-21.22],[-50.129,-21.195],[-50.139,-21.208],[-50.141,-21.312],[-50.164,-21.329],[-50.151,-21.418],[-50.234,-21.464],[-50.259,-21.494],[-50.28,-21.532],[-50.274,-21.559]]]},"properties":{"codarea":"3537305"}},{"type":"Feature","geometry":{"type":"Polygon","coordinates":[[[-51.315,-20.674],[-51.233,-20.646],[-51.2,-20.651],[-51.199,-20.686],[-51.168,-20.723],[-51.135,-20.794],[-51.143,-20.855],[-51.118,-20.864],[-51.071,-20.831],[-50.932,-20.9],[-50.9,-20.91],[-50.864,-20.845],[-50.867,-20.831],[-50.873,-20.827],[-50.915,-20.796],[-51.001,-20.768],[-51.058,-20.726],[-50.991,-20.648],[-50.996,-20.611],[-50.978,-20.565],[-50.986,-20.549],[-51.033,-20.559],[-51.068,-20.555],[-51.149,-20.52],[-51.203,-20.489],[-51.231,-20.457],[-51.264,-20.489],[-51.275,-20.534],[-51.297,-20.542],[-51.325,-20.641],[-51.315,-20.674]]]},"properties":{"codarea":"3537404"}},{"type":"Feature","geometry":{"type":"Polygon","coordinates":[[[-47.937,-23.015],[-47.968,-23.03],[-48.006,-23.07],[-48.034,-23.069],[-48.057,-23.104],[-48.061,-23.148],[-48.021,-23.166],[-48.025,-23.202],[-48.057,-23.233],[-48.009,-23.224],[-47.98,-23.192],[-47.91,-23.161],[-47.915,-23.055],[-47.937,-23.015]]]},"properties":{"codarea":"3537503"}},{"type":"Feature","geometry":{"type":"Polygon","coordinates":[[[-46.898,-24.253],[-46.927,-24.232],[-46.951,-24.193],[-46.941,-24.154],[-46.983,-24.123],[-47.031,-24.148],[-47.067,-24.201],[-47.031,-24.223],[-47.057,-24.264],[-47.021,-24.284],[-47.045,-24.334],[-47.121,-24.365],[-47.118,-24.418],[-47.078,-24.448],[-47.004,-24.409],[-47.018,-24.379],[-46.994,-24.325],[-46.898,-24.253]]]},"properties":{"codarea":"3537602"}},{"type":"Feature","geometry":{"type":"Polygon","coordinates":[[[-50.541,-21.574],[-50.587,-21.539],[-50.607,-21.507],[-50.653,-21.493],[-50.7,-21.527],[-50.749,-21.524],[-50.773,-21.545],[-50.78,-21.568],[-50.734,-21.572],[-50.67,-21.606],[-50.647,-21.65],[-50.615,-21.659],[-50.61,-21.657],[-50.568,-21.64],[-50.556,-21.611],[-50.541,-21.574]]]},"properties":{"codarea":"3537701"}},{"type":"Feature","geometry":{"type":"Polygon","coordinates":[[[-47.574,-23.863],[-47.542,-23.867],[-47.51,-23.892],[-47.44,-23.901],[-47.425,-23.945],[-47.389,-23.983],[-47.365,-23.914],[-47.372,-23.889],[-47.278,-23.836],[-47.301,-23.808],[-47.297,-23.754],[-47.346,-23.705],[-47.368,-23.634],[-47.404,-23.621],[-47.454,-23.625],[-47.494,-23.65],[-47.488,-23.685],[-47.553,-23.723],[-47.578,-23.757],[-47.619,-23.757],[-47.597,-23.794],[-47.604,-23.838],[-47.574,-23.863]]]},"properties":{"codarea":"3537800"}},{"type":"Feature","geometry":{"type":"Polygon","coordinates":[[[-47.815,-23.958],[-47.779,-23.989],[-47.726,-24.002],[-47.684,-23.992],[-47.601,-23.908],[-47.602,-23.866],[-47.574,-23.863],[-47.604,-23.838],[-47.597,-23.794],[-47.619,-23.757],[-47.635,-23.707],[-47.665,-23.743],[-47.71,-23.714],[-47.79,-23.755],[-47.849,-23.75],[-47.866,-23.783],[-47.864,-23.813],[-47.834,-23.866],[-47.866,-23.88],[-47.877,-23.922],[-47.861,-23.953],[-47.815,-23.958]]]},"properties":{"codarea":"3537909"}},{"type":"Feature","geometry":{"type":"Polygon","coordinates":[[[-45.307,-23.025],[-45.329,-23.013],[-45.322,-22.976],[-45.337,-22.951],[-45.333,-22.91],[-45.351,-22.869],[-45.324,-22.856],[-45.346,-22.789],[-45.398,-22.782],[-45.397,-22.749],[-45.439,-22.703],[-45.476,-22.72],[-45.542,-22.769],[-45.614,-22.797],[-45.629,-22.834],[-45.67,-22.877],[-45.666,-22.882],[-45.631,-22.875],[-45.553,-22.899],[-45.524,-22.93],[-45.504,-22.979],[-45.494,-23.015],[-45.439,-23.072],[-45.354,-23.007],[-45.34,-23.03],[-45.307,-23.025]]]},"properties":{"codarea":"3538006"}},{"type":"Feature","geometry":{"type":"Polygon","coordinates":[[[-48.883,-21.105],[-48.92,-21.116],[-48.927,-21.166],[-48.972,-21.202],[-48.968,-21.245],[-49.011,-21.253],[-48.994,-21.286],[-48.959,-21.279],[-48.92,-21.3],[-48.899,-21.263],[-48.869,-21.267],[-48.845,-21.219],[-48.859,-21.161],[-48.847,-21.137],[-48.873,-21.134],[-48.883,-21.105]]]},"properties":{"codarea":"3538105"}},{"type":"Feature","geometry":{"type":"Polygon","coordinates":[[[-46.624,-22.833],[-46.583,-22.851],[-46.528,-22.827],[-46.533,-22.807],[-46.487,-22.764],[-46.507,-22.728],[-46.537,-22.721],[-46.622,-22.723],[-46.613,-22.753],[-46.661,-22.769],[-46.623,-22.806],[-46.624,-22.833]]]},"properties":{"codarea":"3538204"}},{"type":"Feature","geometry":{"type":"Polygon","coordinates":[[[-51.698,-21.634],[-51.702,-21.69],[-51.719,-21.713],[-51.712,-21.753],[-51.746,-21.787],[-51.748,-21.827],[-51.776,-21.873],[-51.796,-21.881],[-51.836,-21.956],[-51.881,-21.972],[-51.915,-22.007],[-51.864,-22.043],[-51.83,-22.058],[-51.796,-22.041],[-51.774,-22.0],[-51.736,-21.976],[-51.742,-21.951],[-51.679,-21.898],[-51.668,-21.826],[-51.587,-21.759],[-51.618,-21.707],[-51.611,-21.675],[-51.654,-21.643],[-51.698,-21.634]]]},"properties":{"codarea":"3538303"}},{"type":"Feature","geometry":{"type":"Polygon","coordinates":[[[-45.112,-22.635],[-45.102,-22.61],[-45.122,-22.582],[-45.104,-22.563],[-45.124,-22.497],[-45.167,-22.531],[-45.177,-22.547],[-45.255,-22.582],[-45.269,-22.611],[-45.253,-22.632],[-45.204,-22.656],[-45.157,-22.636],[-45.112,-22.635]]]},"properties":{"codarea":"3538501"}},{"type":"Feature","geometry":{"type":"Polygon","coordinates":[[[-46.215,-23.108],[-46.205,-23.085],[-46.161,-23.066],[-46.118,-23.006],[-46.087,-22.985],[-46.193,-23.003],[-46.231,-22.99],[-46.262,-22.997],[-46.398,-22.969],[-46.411,-22.981],[-46.432,-23.038],[-46.444,-23.093],[-46.483,-23.112],[-46.415,-23.121],[-46.33,-23.1],[-46.28,-23.115],[-46.215,-23.108]]]},"properties":{"codarea":"3538600"}},{"type":"Feature","geometry":{"type":"Polygon","coordinates":[[[-47.583,-22.542],[-47.631,-22.548],[-47.654,-22.521],[-47.669,-22.54],[-47.705,-22.593],[-47.803,-22.582],[-47.782,-22.598],[-47.821,-22.674],[-47.88,-22.648],[-47.92,-22.669],[-47.971,-22.667],[-48.071,-22.644],[-48.089,-22.652],[-48.099,-22.688],[-48.072,-22.736],[-48.032,-22.719],[-48.032,-22.826],[-48.047,-22.832],[-48.014,-22.852],[-47.988,-22.888],[-47.931,-22.883],[-47.867,-22.861],[-47.869,-22.899],[-47.845,-22.902],[-47.809,-22.878],[-47.807,-22.877],[-47.794,-22.849],[-47.746,-22.83],[-47.718,-22.848],[-47.668,-22.799],[-47.63,-22.789],[-47.597,-22.796],[-47.545,-22.767],[-47.495,-22.767],[-47.49,-22.724],[-47.512,-22.692],[-47.549,-22.614],[-47.552,-22.58],[-47.583,-22.542]]]},"properties":{"codarea":"3538709"}},{"type":"Feature","geometry":{"type":"Polygon","coordinates":[[[-49.211,-23.245],[-49.243,-23.207],[-49.245,-23.145],[-49.33,-23.113],[-49.388,-23.054],[-49.412,-23.052],[-49.442,-23.056],[-49.442,-23.111],[-49.457,-23.136],[-49.515,-23.143],[-49.547,-23.129],[-49.573,-23.139],[-49.552,-23.153],[-49.538,-23.196],[-49.512,-23.182],[-49.458,-23.192],[-49.445,-23.241],[-49.422,-23.254],[-49.422,-23.312],[-49.442,-23.336],[-49.418,-23.337],[-49.403,-23.33],[-49.383,-23.265],[-49.324,-23.264],[-49.303,-23.28],[-49.252,-23.271],[-49.217,-23.299],[-49.2,-23.291],[-49.211,-23.245]]]},"properties":{"codarea":"3538808"}},{"type":"Feature","geometry":{"type":"Polygon","coordinates":[[[-49.403,-21.826],[-49.422,-21.864],[-49.506,-21.92],[-49.534,-21.957],[-49.55,-22.01],[-49.585,-21.985],[-49.691,-22.031],[-49.696,-22.044],[-49.634,-22.076],[-49.569,-22.139],[-49.556,-22.13],[-49.508,-22.087],[-49.46,-22.085],[-49.452,-22.066],[-49.378,-22.064],[-49.337,-22.023],[-49.303,-22.014],[-49.25,-22.044],[-49.239,-22.02],[-49.25,-21.921],[-49.262,-21.883],[-49.225,-21.86],[-49.185,-21.771],[-49.2,-21.737],[-49.189,-21.712],[-49.213,-21.671],[-49.239,-21.671],[-49.242,-21.71],[-49.263,-21.727],[-49.267,-21.783],[-49.259,-21.816],[-49.285,-21.86],[-49.27,-21.875],[-49.317,-21.937],[-49.388,-21.936],[-49.383,-21.886],[-49.34,-21.838],[-49.391,-21.831],[-49.403,-21.826]]]},"properties":{"codarea":"3538907"}},{"type":"Feature","geometry":{"type":"Polygon","coordinates":[[[-48.568,-21.076],[-48.615,-21.041],[-48.658,-21.031],[-48.686,-21.01],[-48.694,-21.007],[-48.725,-21.073],[-48.777,-21.099],[-48.774,-21.109],[-48.729,-21.165],[-48.64,-21.139],[-48.598,-21.143],[-48.568,-21.076]]]},"properties":{"codarea":"3539004"}},{"type":"Feature","geometry":{"type":"Polygon","coordinates":[[[-47.038,-23.436],[-46.971,-23.425],[-46.929,-23.387],[-46.902,-23.366],[-46.938,-23.348],[-46.938,-23.322],[-46.959,-23.327],[-47.043,-23.352],[-47.031,-23.372],[-47.038,-23.436]]]},"properties":{"codarea":"3539103"}},{"type":"Feature","geometry":{"type":"Polygon","coordinates":[[[-51.434,-22.206],[-51.476,-22.198],[-51.513,-22.251],[-51.57,-22.261],[-51.6,-22.281],[-51.534,-22.293],[-51.571,-22.399],[-51.573,-22.489],[-51.592,-22.494],[-51.618,-22.558],[-51.65,-22.572],[-51.685,-22.549],[-51.784,-22.535],[-51.855,-22.61],[-51.89,-22.613],[-51.856,-22.632],[-51.772,-22.614],[-51.733,-22.629],[-51.718,-22.669],[-51.63,-22.658],[-51.628,-22.658],[-51.592,-22.624],[-51.578,-22.575],[-51.552,-22.525],[-51.553,-22.399],[-51.524,-22.356],[-51.493,-22.362],[-51.461,-22.308],[-51.45,-22.274],[-51.413,-22.245],[-51.434,-22.206]]]},"properties":{"codarea":"3539202"}},{"type":"Feature","geometry":{"type":"Polygon","coordinates":[[[-47.578,-22.089],[-47.459,-22.083],[-47.442,-22.064],[-47.4,-22.085],[-47.378,-22.096],[-47.328,-22.09],[-47.301,-22.103],[-47.255,-22.091],[-47.197,-22.099],[-47.234,-22.057],[-47.202,-22.034],[-47.216,-21.976],[-47.25,-21.966],[-47.282,-21.921],[-47.278,-21.883],[-47.31,-21.873],[-47.343,-21.84],[-47.388,-21.85],[-47.406,-21.915],[-47.498,-21.918],[-47.512,-21.936],[-47.545,-21.981],[-47.583,-21.992],[-47.575,-22.014],[-47.602,-22.052],[-47.627,-22.044],[-47.578,-22.089]]]},"properties":{"codarea":"3539301"}},{"type":"Feature","geometry":{"type":"Polygon","coordinates":[[[-49.08,-22.417],[-49.108,-22.397],[-49.131,-22.351],[-49.17,-22.345],[-49.223,-22.304],[-49.258,-22.343],[-49.285,-22.345],[-49.324,-22.369],[-49.317,-22.389],[-49.3,-22.392],[-49.267,-22.494],[-49.214,-22.52],[-49.151,-22.52],[-49.099,-22.508],[-49.066,-22.442],[-49.08,-22.417]]]},"properties":{"codarea":"3539400"}},{"type":"Feature","geometry":{"type":"Polygon","coordinates":[[[-48.318,-21.061],[-48.271,-21.081],[-48.188,-21.086],[-48.187,-21.13],[-48.154,-21.097],[-48.125,-21.089],[-48.143,-21.001],[-48.174,-20.919],[-48.179,-20.887],[-48.208,-20.875],[-48.286,-20.953],[-48.367,-20.949],[-48.378,-21.009],[-48.433,-21.037],[-48.371,-21.058],[-48.318,-21.061]]]},"properties":{"codarea":"3539509"}},{"type":"Feature","geometry":{"type":"Polygon","coordinates":[[[-50.055,-20.997],[-49.985,-21.046],[-49.981,-21.088],[-49.96,-21.133],[-49.925,-21.076],[-49.897,-21.066],[-49.862,-21.03],[-49.859,-21.005],[-49.827,-20.954],[-49.851,-20.932],[-49.882,-20.917],[-49.923,-20.92],[-49.957,-20.907],[-49.975,-20.911],[-49.994,-20.95],[-50.033,-20.978],[-50.055,-20.997]]]},"properties":{"codarea":"3539608"}},{"type":"Feature","geometry":{"type":"Polygon","coordinates":[[[-50.262,-22.701],[-50.245,-22.689],[-50.123,-22.715],[-50.106,-22.681],[-50.092,-22.642],[-50.101,-22.61],[-50.139,-22.574],[-50.169,-22.593],[-50.186,-22.544],[-50.224,-22.527],[-50.264,-22.563],[-50.301,-22.546],[-50.319,-22.555],[-50.31,-22.598],[-50.325,-22.677],[-50.276,-22.673],[-50.262,-22.701]]]},"properties":{"codarea":"3539707"}},{"type":"Feature","geometry":{"type":"Polygon","coordinates":[[[-46.33,-23.506],[-46.366,-23.512],[-46.35,-23.573],[-46.33,-23.506]]]},"properties":{"codarea":"3539806"}},{"type":"Feature","geometry":{"type":"Polygon","coordinates":[[[-49.905,-20.762],[-49.872,-20.763],[-49.858,-20.802],[-49.8,-20.817],[-49.777,-20.812],[-49.762,-20.718],[-49.8,-20.679],[-49.82,-20.674],[-49.852,-20.734],[-49.88,-20.725],[-49.905,-20.76],[-49.905,-20.762]]]},"properties":{"codarea":"3539905"}},{"type":"Feature","geometry":{"type":"Polygon","coordinates":[[[-50.128,-21.817],[-50.159,-21.858],[-50.223,-21.861],[-50.25,-21.883],[-50.27,-21.842],[-50.285,-21.959],[-50.248,-21.991],[-50.29,-22.04],[-50.259,-22.056],[-50.288,-22.084],[-50.277,-22.118],[-50.294,-22.15],[-50.346,-22.189],[-50.299,-22.209],[-50.255,-22.213],[-50.228,-22.238],[-50.173,-22.246],[-50.158,-22.225],[-50.17,-22.191],[-50.135,-22.147],[-50.139,-22.125],[-50.088,-22.027],[-50.049,-22.045],[-50.047,-22.015],[-50.086,-21.931],[-50.06,-21.875],[-50.128,-21.817]]]},"properties":{"codarea":"3540002"}},{"type":"Feature","geometry":{"type":"Polygon","coordinates":[[[-49.312,-21.617],[-49.332,-21.651],[-49.383,-21.669],[-49.405,-21.695],[-49.414,-21.757],[-49.431,-21.779],[-49.403,-21.826],[-49.391,-21.831],[-49.366,-21.82],[-49.321,-21.778],[-49.319,-21.703],[-49.273,-21.659],[-49.312,-21.617]]]},"properties":{"codarea":"3540101"}},{"type":"Feature","geometry":{"type":"Polygon","coordinates":[[[-47.985,-20.876],[-48.035,-20.905],[-48.058,-20.93],[-48.104,-20.9],[-48.179,-20.887],[-48.174,-20.919],[-48.143,-21.001],[-48.125,-21.089],[-48.112,-21.105],[-48.008,-21.078],[-47.978,-21.026],[-47.988,-20.992],[-48.002,-20.968],[-47.94,-20.9],[-47.985,-20.876]]]},"properties":{"codarea":"3540200"}},{"type":"Feature","geometry":{"type":"Polygon","coordinates":[[[-50.469,-20.39],[-50.51,-20.395],[-50.542,-20.377],[-50.576,-20.398],[-50.596,-20.471],[-50.625,-20.508],[-50.554,-20.528],[-50.528,-20.509],[-50.449,-20.486],[-50.446,-20.483],[-50.43,-20.412],[-50.469,-20.39]]]},"properties":{"codarea":"3540259"}},{"type":"Feature","geometry":{"type":"Polygon","coordinates":[[[-49.812,-20.195],[-49.8,-20.236],[-49.821,-20.283],[-49.764,-20.272],[-49.725,-20.229],[-49.687,-20.201],[-49.654,-20.171],[-49.68,-20.137],[-49.739,-20.114],[-49.749,-20.09],[-49.806,-20.074],[-49.816,-20.094],[-49.803,-20.156],[-49.812,-20.195]]]},"properties":{"codarea":"3540309"}},{"type":"Feature","geometry":{"type":"Polygon","coordinates":[[[-50.614,-19.861],[-50.552,-19.992],[-50.518,-20.029],[-50.466,-20.022],[-50.433,-19.984],[-50.441,-19.932],[-50.474,-19.869],[-50.48,-19.827],[-50.454,-19.786],[-50.469,-19.78],[-50.562,-19.814],[-50.578,-19.816],[-50.614,-19.861]]]},"properties":{"codarea":"3540408"}},{"type":"Feature","geometry":{"type":"Polygon","coordinates":[[[-48.139,-23.271],[-48.057,-23.233],[-48.025,-23.202],[-48.021,-23.166],[-48.061,-23.148],[-48.057,-23.104],[-48.092,-23.087],[-48.16,-23.087],[-48.192,-23.124],[-48.19,-23.175],[-48.225,-23.196],[-48.174,-23.232],[-48.155,-23.262],[-48.139,-23.271]]]},"properties":{"codarea":"3540507"}},{"type":"Feature","geometry":{"type":"Polygon","coordinates":[[[-47.418,-23.358],[-47.423,-23.316],[-47.404,-23.299],[-47.434,-23.241],[-47.439,-23.193],[-47.419,-23.169],[-47.412,-23.119],[-47.428,-23.101],[-47.489,-23.108],[-47.509,-23.092],[-47.609,-23.099],[-47.629,-23.125],[-47.612,-23.151],[-47.63,-23.192],[-47.616,-23.208],[-47.609,-23.299],[-47.575,-23.343],[-47.578,-23.364],[-47.565,-23.383],[-47.504,-23.36],[-47.418,-23.358]]]},"properties":{"codarea":"3540606"}},{"type":"Feature","geometry":{"type":"Polygon","coordinates":[[[-47.347,-21.806],[-47.36,-21.785],[-47.425,-21.756],[-47.438,-21.781],[-47.524,-21.802],[-47.555,-21.836],[-47.552,-21.855],[-47.511,-21.879],[-47.512,-21.936],[-47.498,-21.918],[-47.406,-21.915],[-47.388,-21.85],[-47.343,-21.84],[-47.347,-21.806]]]},"properties":{"codarea":"3540705"}},{"type":"Feature","geometry":{"type":"Polygon","coordinates":[[[-45.278,-22.852],[-45.237,-22.824],[-45.346,-22.789],[-45.324,-22.856],[-45.278,-22.852]]]},"properties":{"codarea":"3540754"}},{"type":"Feature","geometry":{"type":"Polygon","coordinates":[[[-49.311,-21.009],[-49.375,-20.96],[-49.446,-20.985],[-49.456,-21.001],[-49.464,-21.07],[-49.483,-21.132],[-49.496,-21.138],[-49.46,-21.177],[-49.442,-21.189],[-49.397,-21.18],[-49.377,-21.157],[-49.342,-21.154],[-49.316,-21.127],[-49.292,-21.093],[-49.311,-21.009]]]},"properties":{"codarea":"3540804"}},{"type":"Feature","geometry":{"type":"Polygon","coordinates":[[[-51.008,-21.804],[-51.076,-21.788],[-51.095,-21.835],[-51.14,-21.857],[-51.111,-21.889],[-51.083,-21.882],[-51.08,-21.866],[-51.03,-21.834],[-51.008,-21.804]]]},"properties":{"codarea":"3540853"}},{"type":"Feature","geometry":{"type":"Polygon","coordinates":[[[-48.142,-21.318],[-48.146,-21.37],[-48.114,-21.421],[-48.109,-21.429],[-48.03,-21.38],[-48.023,-21.333],[-47.995,-21.305],[-48.059,-21.301],[-48.095,-21.262],[-48.136,-21.268],[-48.142,-21.318]]]},"properties":{"codarea":"3540903"}},{"type":"Feature","geometry":{"type":"Polygon","coordinates":[[[-46.392,-23.999],[-46.422,-23.978],[-46.476,-24.005],[-46.509,-23.988],[-46.527,-23.946],[-46.568,-23.969],[-46.593,-23.997],[-46.609,-24.038],[-46.604,-24.09],[-46.493,-24.038],[-46.416,-24.016],[-46.392,-23.999]]]},"properties":{"codarea":"3541000"}},{"type":"Feature","geometry":{"type":"Polygon","coordinates":[[[-48.803,-22.845],[-48.743,-22.873],[-48.69,-22.874],[-48.664,-22.847],[-48.567,-22.853],[-48.606,-22.81],[-48.613,-22.779],[-48.666,-22.788],[-48.729,-22.765],[-48.778,-22.762],[-48.78,-22.827],[-48.803,-22.845]]]},"properties":{"codarea":"3541059"}},{"type":"Feature","geometry":{"type":"Polygon","coordinates":[[[-49.25,-22.044],[-49.303,-22.014],[-49.337,-22.023],[-49.378,-22.064],[-49.452,-22.066],[-49.46,-22.085],[-49.508,-22.087],[-49.556,-22.13],[-49.528,-22.152],[-49.53,-22.182],[-49.512,-22.189],[-49.489,-22.235],[-49.459,-22.241],[-49.437,-22.219],[-49.401,-22.143],[-49.375,-22.134],[-49.355,-22.09],[-49.294,-22.053],[-49.25,-22.044]]]},"properties":{"codarea":"3541109"}},{"type":"Feature","geometry":{"type":"Polygon","coordinates":[[[-51.621,-22.285],[-51.605,-22.152],[-51.565,-22.107],[-51.528,-22.09],[-51.475,-21.952],[-51.468,-21.959],[-51.422,-21.921],[-51.424,-21.877],[-51.423,-21.874],[-51.528,-21.866],[-51.574,-21.851],[-51.588,-21.901],[-51.56,-21.922],[-51.585,-21.971],[-51.657,-22.051],[-51.731,-22.099],[-51.64,-22.188],[-51.698,-22.193],[-51.739,-22.18],[-51.773,-22.217],[-51.754,-22.234],[-51.764,-22.275],[-51.791,-22.269],[-51.838,-22.358],[-51.786,-22.359],[-51.773,-22.322],[-51.712,-22.352],[-51.621,-22.285]]]},"properties":{"codarea":"3541208"}},{"type":"Feature","geometry":{"type":"Polygon","coordinates":[[[-52.144,-21.998],[-52.126,-21.881],[-52.091,-21.863],[-52.067,-21.829],[-52.016,-21.802],[-51.977,-21.767],[-51.941,-21.547],[-51.964,-21.523],[-51.962,-21.493],[-52.0,-21.517],[-52.057,-21.504],[-52.078,-21.515],[-52.102,-21.57],[-52.069,-21.598],[-52.05,-21.643],[-52.056,-21.677],[-52.104,-21.746],[-52.161,-21.771],[-52.189,-21.844],[-52.248,-21.902],[-52.275,-21.915],[-52.319,-21.972],[-52.339,-22.048],[-52.392,-22.115],[-52.408,-22.142],[-52.456,-22.185],[-52.321,-22.239],[-52.285,-22.273],[-52.221,-22.259],[-52.225,-22.159],[-52.177,-22.074],[-52.193,-22.058],[-52.144,-21.998]]]},"properties":{"codarea":"3541307"}},{"type":"Feature","geometry":{"type":"Polygon","coordinates":[[[-51.393,-22.001],[-51.418,-22.046],[-51.412,-22.067],[-51.448,-22.112],[-51.484,-22.124],[-51.476,-22.198],[-51.434,-22.206],[-51.399,-22.203],[-51.371,-22.198],[-51.325,-22.152],[-51.316,-22.129],[-51.32,-22.096],[-51.289,-22.045],[-51.267,-21.932],[-51.265,-21.886],[-51.224,-21.829],[-51.249,-21.782],[-51.242,-21.736],[-51.284,-21.722],[-51.343,-21.775],[-51.326,-21.872],[-51.33,-21.917],[-51.368,-21.951],[-51.393,-22.001]]]},"properties":{"codarea":"3541406"}},{"type":"Feature","geometry":{"type":"Polygon","coordinates":[[[-51.86,-21.581],[-51.843,-21.612],[-51.865,-21.672],[-51.901,-21.73],[-51.888,-21.764],[-51.915,-21.822],[-51.931,-21.826],[-51.964,-21.907],[-52.003,-21.912],[-52.023,-21.949],[-51.963,-21.99],[-51.915,-22.007],[-51.881,-21.972],[-51.836,-21.956],[-51.796,-21.881],[-51.776,-21.873],[-51.748,-21.827],[-51.746,-21.787],[-51.712,-21.753],[-51.719,-21.713],[-51.702,-21.69],[-51.698,-21.634],[-51.714,-21.596],[-51.782,-21.603],[-51.843,-21.578],[-51.86,-21.581]]]},"properties":{"codarea":"3541505"}},{"type":"Feature","geometry":{"type":"Polygon","coordinates":[[[-49.843,-21.355],[-49.869,-21.393],[-49.861,-21.43],[-49.872,-21.469],[-49.909,-21.505],[-49.916,-21.558],[-49.994,-21.591],[-50.061,-21.584],[-50.1,-21.621],[-50.108,-21.684],[-50.073,-21.684],[-50.024,-21.701],[-49.944,-21.698],[-49.913,-21.706],[-49.895,-21.682],[-49.85,-21.675],[-49.843,-21.618],[-49.814,-21.559],[-49.762,-21.553],[-49.741,-21.507],[-49.706,-21.466],[-49.716,-21.452],[-49.714,-21.375],[-49.697,-21.363],[-49.728,-21.345],[-49.746,-21.297],[-49.769,-21.306],[-49.832,-21.275],[-49.818,-21.303],[-49.843,-21.355]]]},"properties":{"codarea":"3541604"}},{"type":"Feature","geometry":{"type":"Polygon","coordinates":[[[-48.139,-23.271],[-48.081,-23.328],[-48.083,-23.373],[-48.03,-23.383],[-47.988,-23.363],[-47.959,-23.327],[-47.95,-23.279],[-47.976,-23.276],[-48.009,-23.224],[-48.057,-23.233],[-48.139,-23.271]]]},"properties":{"codarea":"3541653"}},{"type":"Feature","geometry":{"type":"Polygon","coordinates":[[[-50.706,-22.022],[-50.725,-22.091],[-50.71,-22.139],[-50.725,-22.167],[-50.729,-22.236],[-50.717,-22.25],[-50.759,-22.303],[-50.77,-22.35],[-50.764,-22.387],[-50.783,-22.435],[-50.753,-22.433],[-50.695,-22.4],[-50.696,-22.371],[-50.681,-22.294],[-50.646,-22.312],[-50.621,-22.294],[-50.559,-22.295],[-50.552,-22.233],[-50.524,-22.22],[-50.485,-22.152],[-50.521,-22.111],[-50.547,-22.087],[-50.655,-22.035],[-50.705,-22.022],[-50.706,-22.022]]]},"properties":{"codarea":"3541703"}},{"type":"Feature","geometry":{"type":"Polygon","coordinates":[[[-50.128,-21.817],[-50.153,-21.786],[-50.259,-21.738],[-50.273,-21.709],[-50.309,-21.715],[-50.329,-21.755],[-50.338,-21.806],[-50.309,-21.853],[-50.27,-21.842],[-50.25,-21.883],[-50.223,-21.861],[-50.159,-21.858],[-50.128,-21.817]]]},"properties":{"codarea":"3541802"}},{"type":"Feature","geometry":{"type":"Polygon","coordinates":[[[-44.844,-22.428],[-44.852,-22.486],[-44.832,-22.544],[-44.852,-22.559],[-44.85,-22.602],[-44.817,-22.614],[-44.79,-22.587],[-44.733,-22.575],[-44.716,-22.539],[-44.688,-22.521],[-44.719,-22.463],[-44.755,-22.415],[-44.809,-22.406],[-44.844,-22.428]]]},"properties":{"codarea":"3541901"}},{"type":"Feature","geometry":{"type":"Polygon","coordinates":[[[-50.285,-21.959],[-50.309,-21.977],[-50.318,-22.01],[-50.343,-22.015],[-50.345,-22.062],[-50.408,-22.081],[-50.484,-22.081],[-50.521,-22.111],[-50.485,-22.152],[-50.452,-22.173],[-50.394,-22.187],[-50.346,-22.189],[-50.294,-22.15],[-50.277,-22.118],[-50.288,-22.084],[-50.259,-22.056],[-50.29,-22.04],[-50.248,-21.991],[-50.285,-21.959]]]},"properties":{"codarea":"3542008"}},{"type":"Feature","geometry":{"type":"Polygon","coordinates":[[[-47.509,-23.092],[-47.53,-23.052],[-47.531,-23.004],[-47.576,-23.017],[-47.623,-22.994],[-47.66,-22.997],[-47.66,-23.031],[-47.629,-23.044],[-47.609,-23.099],[-47.509,-23.092]]]},"properties":{"codarea":"3542107"}},{"type":"Feature","geometry":{"type":"Polygon","coordinates":[[[-50.828,-22.645],[-50.846,-22.618],[-50.842,-22.55],[-50.857,-22.53],[-50.831,-22.484],[-50.844,-22.447],[-50.83,-22.428],[-50.88,-22.421],[-50.922,-22.445],[-50.934,-22.427],[-50.906,-22.348],[-50.843,-22.342],[-50.859,-22.282],[-50.823,-22.239],[-50.751,-22.058],[-50.706,-22.022],[-50.705,-22.022],[-50.71,-22.015],[-50.78,-22.003],[-50.865,-21.969],[-50.938,-21.951],[-50.979,-21.999],[-50.971,-22.039],[-50.996,-22.074],[-51.012,-22.144],[-51.043,-22.164],[-51.037,-22.213],[-51.081,-22.286],[-51.072,-22.323],[-51.112,-22.357],[-51.1,-22.39],[-51.1,-22.487],[-51.063,-22.474],[-51.028,-22.48],[-51.032,-22.512],[-50.986,-22.518],[-50.973,-22.544],[-50.962,-22.633],[-50.945,-22.675],[-50.906,-22.638],[-50.888,-22.656],[-50.828,-22.645]]]},"properties":{"codarea":"3542206"}},{"type":"Feature","geometry":{"type":"Polygon","coordinates":[[[-45.397,-23.181],[-45.467,-23.225],[-45.504,-23.219],[-45.522,-23.176],[-45.568,-23.16],[-45.609,-23.163],[-45.641,-23.196],[-45.612,-23.247],[-45.646,-23.291],[-45.566,-23.332],[-45.468,-23.312],[-45.445,-23.293],[-45.381,-23.289],[-45.425,-23.229],[-45.395,-23.201],[-45.397,-23.181]]]},"properties":{"codarea":"3542305"}},{"type":"Feature","geometry":{"type":"Polygon","coordinates":[[[-51.352,-22.324],[-51.257,-22.332],[-51.219,-22.355],[-51.205,-22.298],[-51.23,-22.221],[-51.268,-22.206],[-51.287,-22.16],[-51.316,-22.129],[-51.325,-22.152],[-51.371,-22.198],[-51.399,-22.203],[-51.356,-22.259],[-51.352,-22.324]]]},"properties":{"codarea":"3542404"}},{"type":"Feature","geometry":{"type":"Polygon","coordinates":[[[-49.213,-21.671],[-49.189,-21.712],[-49.2,-21.737],[-49.185,-21.771],[-49.225,-21.86],[-49.262,-21.883],[-49.25,-21.921],[-49.239,-22.02],[-49.25,-22.044],[-49.161,-22.066],[-49.131,-22.062],[-49.134,-22.05],[-49.118,-21.999],[-49.142,-21.947],[-49.123,-21.922],[-49.152,-21.86],[-49.151,-21.829],[-49.129,-21.776],[-49.105,-21.751],[-49.138,-21.708],[-49.164,-21.647],[-49.213,-21.671]]]},"properties":{"codarea":"3542503"}},{"type":"Feature","geometry":{"type":"Polygon","coordinates":[[[-47.8,-24.352],[-47.834,-24.371],[-47.824,-24.405],[-47.869,-24.421],[-47.91,-24.469],[-47.972,-24.502],[-48.013,-24.51],[-48.053,-24.533],[-48.085,-24.581],[-48.001,-24.573],[-47.976,-24.59],[-47.953,-24.638],[-47.918,-24.628],[-47.866,-24.579],[-47.817,-24.566],[-47.778,-24.574],[-47.728,-24.622],[-47.694,-24.602],[-47.685,-24.551],[-47.627,-24.513],[-47.645,-24.493],[-47.64,-24.464],[-47.684,-24.379],[-47.717,-24.398],[-47.8,-24.352]]]},"properties":{"codarea":"3542602"}},{"type":"Feature","geometry":{"type":"Polygon","coordinates":[[[-47.509,-20.725],[-47.468,-20.689],[-47.413,-20.666],[-47.42,-20.643],[-47.398,-20.614],[-47.449,-20.599],[-47.469,-20.564],[-47.529,-20.563],[-47.553,-20.587],[-47.598,-20.693],[-47.567,-20.739],[-47.509,-20.725]]]},"properties":{"codarea":"3542701"}},{"type":"Feature","geometry":{"type":"Polygon","coordinates":[[[-49.13,-24.682],[-49.112,-24.688],[-49.01,-24.654],[-48.962,-24.674],[-48.912,-24.674],[-48.912,-24.633],[-48.949,-24.618],[-48.901,-24.556],[-48.979,-24.535],[-48.982,-24.524],[-49.055,-24.554],[-49.132,-24.538],[-49.136,-24.587],[-49.171,-24.612],[-49.151,-24.64],[-49.158,-24.672],[-49.13,-24.682]]]},"properties":{"codarea":"3542800"}},{"type":"Feature","geometry":{"type":"Polygon","coordinates":[[[-48.299,-22.064],[-48.251,-22.121],[-48.256,-22.155],[-48.198,-22.148],[-48.135,-22.183],[-48.108,-22.18],[-48.044,-22.129],[-48.045,-22.073],[-48.091,-22.06],[-48.166,-21.972],[-48.188,-21.966],[-48.202,-21.933],[-48.23,-21.925],[-48.254,-21.893],[-48.289,-21.955],[-48.291,-21.99],[-48.307,-22.031],[-48.299,-22.064]]]},"properties":{"codarea":"3542909"}},{"type":"Feature","geometry":{"type":"Polygon","coordinates":[[[-48.987,-24.312],[-48.949,-24.329],[-48.883,-24.331],[-48.866,-24.344],[-48.782,-24.358],[-48.69,-24.391],[-48.645,-24.332],[-48.634,-24.307],[-48.65,-24.238],[-48.626,-24.198],[-48.661,-24.143],[-48.73,-24.116],[-48.762,-24.132],[-48.822,-24.128],[-48.827,-24.174],[-48.865,-24.161],[-48.886,-24.204],[-48.943,-24.256],[-48.987,-24.312]]]},"properties":{"codarea":"3543006"}},{"type":"Feature","geometry":{"type":"Polygon","coordinates":[[[-47.615,-20.482],[-47.575,-20.514],[-47.553,-20.513],[-47.509,-20.488],[-47.5,-20.456],[-47.522,-20.45],[-47.529,-20.391],[-47.595,-20.393],[-47.626,-20.407],[-47.634,-20.442],[-47.615,-20.482]]]},"properties":{"codarea":"3543105"}},{"type":"Feature","geometry":{"type":"Polygon","coordinates":[[[-50.009,-22.787],[-49.939,-22.833],[-49.886,-22.814],[-49.837,-22.763],[-49.848,-22.73],[-49.892,-22.699],[-49.902,-22.667],[-49.974,-22.688],[-50.01,-22.784],[-50.009,-22.787]]]},"properties":{"codarea":"3543204"}},{"type":"Feature","geometry":{"type":"Polygon","coordinates":[[[-51.668,-21.826],[-51.654,-21.832],[-51.588,-21.901],[-51.574,-21.851],[-51.553,-21.835],[-51.525,-21.774],[-51.532,-21.743],[-51.512,-21.702],[-51.537,-21.684],[-51.611,-21.675],[-51.618,-21.707],[-51.587,-21.759],[-51.668,-21.826]]]},"properties":{"codarea":"3543238"}},{"type":"Feature","geometry":{"type":"Polygon","coordinates":[[[-48.431,-24.264],[-48.411,-24.267],[-48.383,-24.304],[-48.361,-24.283],[-48.317,-24.313],[-48.281,-24.282],[-48.288,-24.197],[-48.303,-24.18],[-48.315,-24.114],[-48.308,-24.052],[-48.351,-24.073],[-48.377,-24.066],[-48.407,-24.086],[-48.424,-24.138],[-48.421,-24.18],[-48.448,-24.215],[-48.431,-24.264]]]},"properties":{"codarea":"3543253"}},{"type":"Feature","geometry":{"type":"Polygon","coordinates":[[[-46.331,-23.709],[-46.339,-23.678],[-46.383,-23.618],[-46.384,-23.618],[-46.426,-23.678],[-46.475,-23.718],[-46.45,-23.771],[-46.429,-23.766],[-46.411,-23.733],[-46.331,-23.709]]]},"properties":{"codarea":"3543303"}},{"type":"Feature","geometry":{"type":"Polygon","coordinates":[[[-47.659,-21.196],[-47.665,-21.161],[-47.647,-21.148],[-47.667,-21.119],[-47.719,-21.12],[-47.751,-21.113],[-47.785,-21.081],[-47.872,-21.064],[-47.883,-21.098],[-47.913,-21.119],[-47.902,-21.16],[-47.917,-21.201],[-47.943,-21.2],[-47.922,-21.242],[-47.926,-21.267],[-47.989,-21.309],[-47.939,-21.359],[-47.906,-21.368],[-47.818,-21.343],[-47.787,-21.298],[-47.732,-21.263],[-47.659,-21.196]]]},"properties":{"codarea":"3543402"}},{"type":"Feature","geometry":{"type":"Polygon","coordinates":[[[-49.334,-23.782],[-49.387,-23.759],[-49.414,-23.784],[-49.469,-23.771],[-49.508,-23.792],[-49.56,-23.794],[-49.573,-23.827],[-49.608,-23.839],[-49.587,-23.889],[-49.536,-23.928],[-49.522,-23.917],[-49.502,-23.907],[-49.457,-23.919],[-49.43,-23.906],[-49.328,-23.903],[-49.289,-23.892],[-49.319,-23.881],[-49.301,-23.825],[-49.334,-23.782]]]},"properties":{"codarea":"3543501"}},{"type":"Feature","geometry":{"type":"Polygon","coordinates":[[[-47.542,-20.013],[-47.473,-20.061],[-47.444,-20.126],[-47.411,-20.117],[-47.398,-20.141],[-47.35,-20.163],[-47.329,-20.115],[-47.372,-20.086],[-47.408,-20.08],[-47.44,-20.049],[-47.424,-20.015],[-47.463,-19.966],[-47.49,-19.969],[-47.549,-19.994],[-47.542,-20.013]]]},"properties":{"codarea":"3543600"}},{"type":"Feature","geometry":{"type":"Polygon","coordinates":[[[-48.17,-21.654],[-48.136,-21.644],[-47.998,-21.635],[-47.91,-21.678],[-47.873,-21.639],[-47.863,-21.612],[-47.927,-21.576],[-47.964,-21.598],[-48.027,-21.539],[-48.031,-21.515],[-48.074,-21.479],[-48.096,-21.525],[-48.143,-21.554],[-48.166,-21.606],[-48.17,-21.654]]]},"properties":{"codarea":"3543709"}},{"type":"Feature","geometry":{"type":"Polygon","coordinates":[[[-50.718,-21.799],[-50.635,-21.767],[-50.638,-21.745],[-50.61,-21.69],[-50.615,-21.659],[-50.647,-21.65],[-50.67,-21.606],[-50.734,-21.572],[-50.78,-21.568],[-50.777,-21.588],[-50.827,-21.689],[-50.809,-21.718],[-50.777,-21.733],[-50.718,-21.799]]]},"properties":{"codarea":"3543808"}},{"type":"Feature","geometry":{"type":"Polygon","coordinates":[[[-47.47,-22.245],[-47.594,-22.249],[-47.595,-22.279],[-47.634,-22.335],[-47.672,-22.335],[-47.714,-22.302],[-47.731,-22.299],[-47.76,-22.34],[-47.721,-22.335],[-47.698,-22.383],[-47.666,-22.38],[-47.639,-22.488],[-47.654,-22.521],[-47.631,-22.548],[-47.583,-22.542],[-47.563,-22.527],[-47.579,-22.514],[-47.578,-22.471],[-47.529,-22.429],[-47.467,-22.413],[-47.483,-22.377],[-47.462,-22.311],[-47.47,-22.245]]]},"properties":{"codarea":"3543907"}},{"type":"Feature","geometry":{"type":"Polygon","coordinates":[[[-47.507,-22.852],[-47.53,-22.846],[-47.495,-22.767],[-47.545,-22.767],[-47.597,-22.796],[-47.63,-22.789],[-47.668,-22.799],[-47.683,-22.876],[-47.712,-22.912],[-47.701,-22.919],[-47.619,-22.923],[-47.609,-22.902],[-47.55,-22.907],[-47.519,-22.887],[-47.507,-22.852]]]},"properties":{"codarea":"3544004"}},{"type":"Feature","geometry":{"type":"Polygon","coordinates":[[[-46.429,-23.766],[-46.387,-23.764],[-46.328,-23.728],[-46.331,-23.709],[-46.411,-23.733],[-46.429,-23.766]]]},"properties":{"codarea":"3544103"}},{"type":"Feature","geometry":{"type":"Polygon","coordinates":[[[-49.806,-20.074],[-49.749,-20.09],[-49.739,-20.114],[-49.68,-20.137],[-49.654,-20.171],[-49.624,-20.177],[-49.599,-20.116],[-49.593,-20.079],[-49.551,-20.068],[-49.55,-20.023],[-49.613,-19.92],[-49.634,-19.932],[-49.749,-19.925],[-49.835,-19.933],[-49.854,-19.947],[-49.906,-19.937],[-49.886,-19.98],[-49.892,-20.037],[-49.84,-20.03],[-49.806,-20.074]]]},"properties":{"codarea":"3544202"}},{"type":"Feature","geometry":{"type":"Polygon","coordinates":[[[-52.764,-22.609],[-52.732,-22.525],[-52.679,-22.455],[-52.634,-22.431],[-52.612,-22.402],[-52.645,-22.382],[-52.655,-22.303],[-52.695,-22.315],[-52.798,-22.378],[-52.855,-22.439],[-52.948,-22.473],[-52.999,-22.493],[-53.014,-22.521],[-53.074,-22.549],[-53.108,-22.596],[-53.105,-22.622],[-53.092,-22.645],[-53.038,-22.618],[-53.012,-22.599],[-52.972,-22.57],[-52.925,-22.566],[-52.858,-22.608],[-52.815,-22.597],[-52.783,-22.602],[-52.764,-22.609]]]},"properties":{"codarea":"3544251"}},{"type":"Feature","geometry":{"type":"Polygon","coordinates":[[[-45.324,-22.856],[-45.351,-22.869],[-45.333,-22.91],[-45.337,-22.951],[-45.322,-22.976],[-45.329,-23.013],[-45.307,-23.025],[-45.294,-23.027],[-45.258,-23.008],[-45.278,-22.932],[-45.255,-22.897],[-45.278,-22.852],[-45.324,-22.856]]]},"properties":{"codarea":"3544301"}},{"type":"Feature","geometry":{"type":"Polygon","coordinates":[[[-50.874,-21.489],[-50.842,-21.454],[-50.796,-21.44],[-50.752,-21.385],[-50.722,-21.381],[-50.694,-21.309],[-50.694,-21.262],[-50.72,-21.247],[-50.754,-21.263],[-50.736,-21.199],[-50.767,-21.23],[-50.783,-21.282],[-50.769,-21.292],[-50.82,-21.375],[-50.87,-21.416],[-50.924,-21.442],[-50.898,-21.491],[-50.874,-21.489]]]},"properties":{"codarea":"3544400"}},{"type":"Feature","geometry":{"type":"Polygon","coordinates":[[[-50.97,-20.403],[-51.011,-20.322],[-51.026,-20.278],[-51.012,-20.25],[-50.977,-20.228],[-50.974,-20.16],[-50.918,-20.131],[-51.001,-20.096],[-51.022,-20.133],[-51.069,-20.25],[-51.109,-20.28],[-51.079,-20.328],[-51.039,-20.371],[-50.991,-20.432],[-50.97,-20.403]]]},"properties":{"codarea":"3544509"}},{"type":"Feature","geometry":{"type":"Polygon","coordinates":[[[-49.633,-21.489],[-49.518,-21.602],[-49.496,-21.571],[-49.446,-21.524],[-49.484,-21.503],[-49.547,-21.423],[-49.583,-21.38],[-49.628,-21.354],[-49.697,-21.363],[-49.696,-21.402],[-49.637,-21.46],[-49.633,-21.489]]]},"properties":{"codarea":"3544608"}},{"type":"Feature","geometry":{"type":"Polygon","coordinates":[[[-51.008,-21.804],[-51.03,-21.834],[-51.08,-21.866],[-51.083,-21.882],[-51.053,-21.889],[-51.004,-21.921],[-50.966,-21.926],[-50.904,-21.87],[-50.961,-21.823],[-51.008,-21.804]]]},"properties":{"codarea":"3544707"}},{"type":"Feature","geometry":{"type":"Polygon","coordinates":[[[-49.396,-21.372],[-49.41,-21.328],[-49.518,-21.228],[-49.572,-21.271],[-49.587,-21.362],[-49.628,-21.354],[-49.583,-21.38],[-49.547,-21.423],[-49.522,-21.448],[-49.467,-21.44],[-49.434,-21.416],[-49.396,-21.372]]]},"properties":{"codarea":"3544806"}},{"type":"Feature","geometry":{"type":"Polygon","coordinates":[[[-47.718,-20.815],[-47.781,-20.779],[-47.787,-20.75],[-47.825,-20.745],[-47.867,-20.758],[-47.899,-20.796],[-47.962,-20.814],[-47.985,-20.876],[-47.94,-20.9],[-47.923,-20.883],[-47.89,-20.91],[-47.871,-20.895],[-47.84,-20.911],[-47.818,-20.894],[-47.78,-20.894],[-47.773,-20.856],[-47.718,-20.815]]]},"properties":{"codarea":"3544905"}},{"type":"Feature","geometry":{"type":"Polygon","coordinates":[[[-45.993,-23.52],[-45.965,-23.554],[-45.965,-23.581],[-45.929,-23.599],[-45.939,-23.632],[-45.916,-23.667],[-45.845,-23.644],[-45.833,-23.67],[-45.796,-23.683],[-45.742,-23.668],[-45.72,-23.649],[-45.703,-23.637],[-45.74,-23.583],[-45.746,-23.539],[-45.789,-23.493],[-45.814,-23.499],[-45.841,-23.472],[-45.904,-23.505],[-45.962,-23.497],[-45.993,-23.52]]]},"properties":{"codarea":"3545001"}},{"type":"Feature","geometry":{"type":"Polygon","coordinates":[[[-50.809,-21.56],[-50.816,-21.54],[-50.868,-21.526],[-50.874,-21.489],[-50.898,-21.491],[-50.904,-21.517],[-50.94,-21.559],[-50.922,-21.632],[-50.915,-21.669],[-50.88,-21.689],[-50.861,-21.651],[-50.823,-21.618],[-50.809,-21.56]]]},"properties":{"codarea":"3545100"}},{"type":"Feature","geometry":{"type":"Polygon","coordinates":[[[-47.712,-22.912],[-47.683,-22.876],[-47.668,-22.799],[-47.718,-22.848],[-47.746,-22.83],[-47.794,-22.849],[-47.807,-22.877],[-47.763,-22.904],[-47.746,-22.933],[-47.712,-22.912]]]},"properties":{"codarea":"3545159"}},{"type":"Feature","geometry":{"type":"Polygon","coordinates":[[[-47.39,-23.155],[-47.326,-23.234],[-47.245,-23.23],[-47.196,-23.187],[-47.245,-23.183],[-47.301,-23.113],[-47.39,-23.155]]]},"properties":{"codarea":"3545209"}},{"type":"Feature","geometry":{"type":"Polygon","coordinates":[[[-47.494,-23.65],[-47.467,-23.625],[-47.492,-23.584],[-47.556,-23.573],[-47.582,-23.585],[-47.623,-23.572],[-47.641,-23.616],[-47.669,-23.631],[-47.706,-23.629],[-47.685,-23.64],[-47.635,-23.707],[-47.619,-23.757],[-47.578,-23.757],[-47.553,-23.723],[-47.488,-23.685],[-47.494,-23.65]]]},"properties":{"codarea":"3545308"}},{"type":"Feature","geometry":{"type":"Polygon","coordinates":[[[-49.972,-22.959],[-49.886,-22.904],[-49.884,-22.838],[-49.886,-22.814],[-49.939,-22.833],[-50.009,-22.787],[-50.053,-22.905],[-50.015,-22.911],[-49.986,-22.898],[-49.961,-22.931],[-49.974,-22.954],[-49.972,-22.959]]]},"properties":{"codarea":"3545407"}},{"type":"Feature","geometry":{"type":"Polygon","coordinates":[[[-51.838,-22.358],[-51.846,-22.394],[-51.88,-22.424],[-51.918,-22.489],[-51.948,-22.515],[-52.017,-22.502],[-52.033,-22.539],[-52.028,-22.54],[-51.941,-22.567],[-51.901,-22.602],[-51.89,-22.613],[-51.855,-22.61],[-51.784,-22.535],[-51.755,-22.471],[-51.729,-22.45],[-51.73,-22.421],[-51.711,-22.392],[-51.712,-22.352],[-51.773,-22.322],[-51.786,-22.359],[-51.838,-22.358]]]},"properties":{"codarea":"3545506"}},{"type":"Feature","geometry":{"type":"Polygon","coordinates":[[[-48.9,-21.371],[-48.873,-21.394],[-48.848,-21.391],[-48.773,-21.428],[-48.754,-21.421],[-48.733,-21.295],[-48.741,-21.246],[-48.815,-21.215],[-48.845,-21.219],[-48.869,-21.267],[-48.899,-21.263],[-48.92,-21.3],[-48.923,-21.345],[-48.9,-21.371]]]},"properties":{"codarea":"3545605"}},{"type":"Feature","geometry":{"type":"Polygon","coordinates":[[[-50.844,-19.968],[-50.811,-19.986],[-50.797,-20.02],[-50.767,-20.05],[-50.74,-20.113],[-50.744,-20.135],[-50.704,-20.13],[-50.663,-20.061],[-50.65,-20.004],[-50.662,-19.958],[-50.686,-19.916],[-50.784,-19.937],[-50.844,-19.968]]]},"properties":{"codarea":"3545704"}},{"type":"Feature","geometry":{"type":"Polygon","coordinates":[[[-47.351,-22.785],[-47.355,-22.735],[-47.388,-22.699],[-47.44,-22.715],[-47.474,-22.738],[-47.49,-22.724],[-47.495,-22.767],[-47.53,-22.846],[-47.507,-22.852],[-47.465,-22.858],[-47.442,-22.889],[-47.396,-22.904],[-47.382,-22.88],[-47.342,-22.86],[-47.369,-22.845],[-47.358,-22.817],[-47.351,-22.785]]]},"properties":{"codarea":"3545803"}},{"type":"Feature","geometry":{"type":"Polygon","coordinates":[[[-45.789,-23.493],[-45.786,-23.46],[-45.764,-23.441],[-45.778,-23.415],[-45.755,-23.389],[-45.782,-23.356],[-45.803,-23.329],[-45.839,-23.335],[-45.861,-23.376],[-45.931,-23.367],[-45.924,-23.391],[-45.974,-23.401],[-45.987,-23.42],[-45.952,-23.451],[-45.962,-23.497],[-45.904,-23.505],[-45.841,-23.472],[-45.814,-23.499],[-45.789,-23.493]]]},"properties":{"codarea":"3546009"}},{"type":"Feature","geometry":{"type":"Polygon","coordinates":[[[-50.918,-20.131],[-50.871,-20.132],[-50.825,-20.053],[-50.839,-20.028],[-50.886,-19.99],[-50.908,-19.994],[-50.946,-20.03],[-50.969,-20.036],[-51.001,-20.085],[-51.001,-20.096],[-50.918,-20.131]]]},"properties":{"codarea":"3546108"}},{"type":"Feature","geometry":{"type":"Polygon","coordinates":[[[-47.4,-22.085],[-47.442,-22.064],[-47.459,-22.083],[-47.578,-22.089],[-47.55,-22.151],[-47.543,-22.171],[-47.491,-22.162],[-47.49,-22.188],[-47.42,-22.145],[-47.4,-22.085]]]},"properties":{"codarea":"3546207"}},{"type":"Feature","geometry":{"type":"Polygon","coordinates":[[[-47.502,-21.208],[-47.504,-21.24],[-47.475,-21.299],[-47.459,-21.367],[-47.415,-21.343],[-47.368,-21.294],[-47.404,-21.21],[-47.452,-21.222],[-47.478,-21.205],[-47.502,-21.208]]]},"properties":{"codarea":"3546256"}},{"type":"Feature","geometry":{"type":"Polygon","coordinates":[[[-47.343,-21.84],[-47.31,-21.873],[-47.278,-21.883],[-47.282,-21.921],[-47.25,-21.966],[-47.216,-21.976],[-47.196,-21.974],[-47.16,-21.947],[-47.195,-21.915],[-47.185,-21.848],[-47.187,-21.79],[-47.211,-21.756],[-47.241,-21.758],[-47.293,-21.752],[-47.347,-21.806],[-47.343,-21.84]]]},"properties":{"codarea":"3546306"}},{"type":"Feature","geometry":{"type":"Polygon","coordinates":[[[-49.599,-22.665],[-49.607,-22.71],[-49.645,-22.76],[-49.745,-22.792],[-49.772,-22.836],[-49.779,-22.877],[-49.763,-22.89],[-49.763,-22.97],[-49.757,-22.971],[-49.686,-22.949],[-49.677,-23.009],[-49.633,-23.002],[-49.595,-22.978],[-49.558,-23.0],[-49.554,-22.973],[-49.518,-22.977],[-49.511,-22.951],[-49.523,-22.907],[-49.459,-22.913],[-49.397,-22.882],[-49.37,-22.883],[-49.376,-22.777],[-49.38,-22.734],[-49.417,-22.739],[-49.495,-22.727],[-49.507,-22.646],[-49.454,-22.584],[-49.452,-22.576],[-49.49,-22.542],[-49.503,-22.514],[-49.566,-22.575],[-49.585,-22.606],[-49.599,-22.665]]]},"properties":{"codarea":"3546405"}},{"type":"Feature","geometry":{"type":"Polygon","coordinates":[[[-48.336,-21.385],[-48.428,-21.435],[-48.464,-21.49],[-48.394,-21.492],[-48.369,-21.505],[-48.324,-21.484],[-48.283,-21.481],[-48.286,-21.436],[-48.337,-21.426],[-48.336,-21.385]]]},"properties":{"codarea":"3546504"}},{"type":"Feature","geometry":{"type":"Polygon","coordinates":[[[-50.918,-20.131],[-50.974,-20.16],[-50.977,-20.228],[-51.012,-20.25],[-51.026,-20.278],[-51.011,-20.322],[-50.97,-20.403],[-50.967,-20.4],[-50.977,-20.369],[-50.947,-20.343],[-50.933,-20.311],[-50.938,-20.289],[-50.906,-20.224],[-50.865,-20.166],[-50.871,-20.132],[-50.918,-20.131]]]},"properties":{"codarea":"3546603"}},{"type":"Feature","geometry":{"type":"Polygon","coordinates":[[[-47.467,-22.413],[-47.529,-22.429],[-47.578,-22.471],[-47.579,-22.514],[-47.563,-22.527],[-47.489,-22.524],[-47.492,-22.481],[-47.464,-22.453],[-47.467,-22.419],[-47.467,-22.413]]]},"properties":{"codarea":"3546702"}},{"type":"Feature","geometry":{"type":"Polygon","coordinates":[[[-46.157,-23.343],[-46.102,-23.309],[-46.135,-23.288],[-46.146,-23.257],[-46.162,-23.235],[-46.227,-23.19],[-46.262,-23.186],[-46.31,-23.205],[-46.311,-23.227],[-46.364,-23.274],[-46.358,-23.317],[-46.337,-23.335],[-46.305,-23.322],[-46.294,-23.369],[-46.248,-23.406],[-46.202,-23.368],[-46.157,-23.343]]]},"properties":{"codarea":"3546801"}},{"type":"Feature","geometry":{"type":"Polygon","coordinates":[[[-47.91,-21.678],[-47.998,-21.635],[-48.136,-21.644],[-48.17,-21.654],[-48.181,-21.684],[-48.146,-21.702],[-48.095,-21.715],[-48.037,-21.695],[-47.944,-21.689],[-47.91,-21.678]]]},"properties":{"codarea":"3546900"}},{"type":"Feature","geometry":{"type":"Polygon","coordinates":[[[-48.059,-22.513],[-48.104,-22.509],[-48.173,-22.476],[-48.199,-22.509],[-48.235,-22.52],[-48.26,-22.54],[-48.248,-22.578],[-48.261,-22.605],[-48.246,-22.619],[-48.214,-22.615],[-48.156,-22.638],[-48.096,-22.623],[-48.089,-22.652],[-48.071,-22.644],[-48.059,-22.513]]]},"properties":{"codarea":"3547007"}},{"type":"Feature","geometry":{"type":"Polygon","coordinates":[[[-51.732,-21.225],[-51.773,-21.237],[-51.796,-21.267],[-51.757,-21.288],[-51.809,-21.375],[-51.773,-21.388],[-51.723,-21.395],[-51.676,-21.347],[-51.682,-21.304],[-51.683,-21.284],[-51.732,-21.225]]]},"properties":{"codarea":"3547106"}},{"type":"Feature","geometry":{"type":"Polygon","coordinates":[[[-50.823,-20.217],[-50.837,-20.283],[-50.858,-20.313],[-50.827,-20.331],[-50.785,-20.336],[-50.754,-20.295],[-50.748,-20.234],[-50.776,-20.229],[-50.76,-20.165],[-50.792,-20.162],[-50.823,-20.217]]]},"properties":{"codarea":"3547205"}},{"type":"Feature","geometry":{"type":"Polygon","coordinates":[[[-46.823,-23.422],[-46.929,-23.387],[-46.971,-23.425],[-47.038,-23.436],[-46.995,-23.507],[-46.965,-23.499],[-46.953,-23.484],[-46.899,-23.491],[-46.808,-23.485],[-46.801,-23.47],[-46.823,-23.422]]]},"properties":{"codarea":"3547304"}},{"type":"Feature","geometry":{"type":"Polygon","coordinates":[[[-50.886,-19.99],[-50.839,-20.028],[-50.825,-20.053],[-50.871,-20.132],[-50.865,-20.166],[-50.823,-20.217],[-50.792,-20.162],[-50.76,-20.165],[-50.744,-20.135],[-50.74,-20.113],[-50.767,-20.05],[-50.797,-20.02],[-50.811,-19.986],[-50.844,-19.968],[-50.886,-19.99]]]},"properties":{"codarea":"3547403"}},{"type":"Feature","geometry":{"type":"Polygon","coordinates":[[[-47.293,-21.752],[-47.338,-21.681],[-47.329,-21.645],[-47.372,-21.65],[-47.399,-21.614],[-47.446,-21.584],[-47.45,-21.578],[-47.571,-21.559],[-47.643,-21.592],[-47.671,-21.603],[-47.679,-21.657],[-47.724,-21.706],[-47.682,-21.716],[-47.664,-21.742],[-47.62,-21.745],[-47.588,-21.735],[-47.57,-21.784],[-47.524,-21.802],[-47.438,-21.781],[-47.425,-21.756],[-47.36,-21.785],[-47.347,-21.806],[-47.293,-21.752]]]},"properties":{"codarea":"3547502"}},{"type":"Feature","geometry":{"type":"Polygon","coordinates":[[[-47.264,-21.451],[-47.298,-21.448],[-47.333,-21.415],[-47.38,-21.395],[-47.43,-21.45],[-47.444,-21.495],[-47.427,-21.527],[-47.446,-21.584],[-47.399,-21.614],[-47.364,-21.593],[-47.357,-21.57],[-47.306,-21.551],[-47.278,-21.528],[-47.279,-21.468],[-47.264,-21.451]]]},"properties":{"codarea":"3547601"}},{"type":"Feature","geometry":{"type":"Polygon","coordinates":[[[-50.748,-20.234],[-50.754,-20.295],[-50.785,-20.336],[-50.742,-20.324],[-50.734,-20.312],[-50.701,-20.272],[-50.671,-20.254],[-50.683,-20.193],[-50.712,-20.2],[-50.748,-20.234]]]},"properties":{"codarea":"3547650"}},{"type":"Feature","geometry":{"type":"Polygon","coordinates":[[[-51.739,-22.18],[-51.698,-22.193],[-51.64,-22.188],[-51.731,-22.099],[-51.657,-22.051],[-51.585,-21.971],[-51.56,-21.922],[-51.588,-21.901],[-51.654,-21.832],[-51.668,-21.826],[-51.679,-21.898],[-51.742,-21.951],[-51.736,-21.976],[-51.774,-22.0],[-51.796,-22.041],[-51.83,-22.058],[-51.864,-22.043],[-51.881,-22.103],[-51.874,-22.177],[-51.822,-22.151],[-51.809,-22.177],[-51.772,-22.191],[-51.739,-22.18]]]},"properties":{"codarea":"3547700"}},{"type":"Feature","geometry":{"type":"Polygon","coordinates":[[[-46.567,-23.65],[-46.555,-23.681],[-46.517,-23.705],[-46.52,-23.735],[-46.455,-23.791],[-46.41,-23.815],[-46.339,-23.782],[-46.32,-23.803],[-46.278,-23.77],[-46.322,-23.744],[-46.328,-23.728],[-46.387,-23.764],[-46.429,-23.766],[-46.45,-23.771],[-46.475,-23.718],[-46.486,-23.623],[-46.548,-23.606],[-46.567,-23.65]]]},"properties":{"codarea":"3547809"}},{"type":"Feature","geometry":{"type":"Polygon","coordinates":[[[-47.181,-20.954],[-47.194,-20.969],[-47.247,-20.987],[-47.254,-21.008],[-47.232,-21.079],[-47.309,-21.102],[-47.283,-21.138],[-47.244,-21.159],[-47.223,-21.201],[-47.19,-21.212],[-47.17,-21.194],[-47.118,-21.186],[-47.118,-21.153],[-47.133,-21.133],[-47.115,-21.105],[-47.141,-21.086],[-47.148,-21.035],[-47.144,-20.982],[-47.181,-20.954]]]},"properties":{"codarea":"3547908"}},{"type":"Feature","geometry":{"type":"Polygon","coordinates":[[[-47.031,-22.619],[-47.015,-22.609],[-46.978,-22.654],[-46.939,-22.658],[-46.931,-22.683],[-46.931,-22.682],[-46.898,-22.657],[-46.899,-22.628],[-46.864,-22.602],[-46.869,-22.584],[-46.872,-22.548],[-46.918,-22.576],[-46.987,-22.544],[-47.048,-22.57],[-47.031,-22.619]]]},"properties":{"codarea":"3548005"}},{"type":"Feature","geometry":{"type":"Polygon","coordinates":[[[-50.867,-20.831],[-50.763,-20.892],[-50.678,-20.892],[-50.613,-20.968],[-50.573,-20.977],[-50.526,-21.033],[-50.456,-21.045],[-50.425,-21.035],[-50.395,-21.063],[-50.358,-21.044],[-50.299,-21.0],[-50.283,-20.937],[-50.263,-20.906],[-50.277,-20.884],[-50.323,-20.873],[-50.336,-20.846],[-50.373,-20.854],[-50.384,-20.809],[-50.432,-20.797],[-50.506,-20.762],[-50.602,-20.773],[-50.683,-20.733],[-50.685,-20.708],[-50.723,-20.707],[-50.751,-20.681],[-50.8,-20.671],[-50.814,-20.734],[-50.851,-20.803],[-50.873,-20.827],[-50.867,-20.831]]]},"properties":{"codarea":"3548054"}},{"type":"Feature","geometry":{"type":"Polygon","coordinates":[[[-46.747,-22.092],[-46.751,-22.13],[-46.713,-22.174],[-46.672,-22.178],[-46.646,-22.181],[-46.613,-22.15],[-46.624,-22.108],[-46.647,-22.092],[-46.7,-22.095],[-46.719,-22.083],[-46.747,-22.092]]]},"properties":{"codarea":"3548104"}},{"type":"Feature","geometry":{"type":"Polygon","coordinates":[[[-45.67,-22.877],[-45.629,-22.834],[-45.614,-22.797],[-45.676,-22.788],[-45.712,-22.77],[-45.771,-22.806],[-45.768,-22.836],[-45.74,-22.89],[-45.67,-22.877]]]},"properties":{"codarea":"3548203"}},{"type":"Feature","geometry":{"type":"Polygon","coordinates":[[[-51.424,-21.877],[-51.386,-21.887],[-51.326,-21.872],[-51.343,-21.775],[-51.373,-21.741],[-51.395,-21.745],[-51.391,-21.808],[-51.423,-21.874],[-51.424,-21.877]]]},"properties":{"codarea":"3548302"}},{"type":"Feature","geometry":{"type":"Polygon","coordinates":[[[-50.61,-21.657],[-50.571,-21.692],[-50.517,-21.71],[-50.496,-21.715],[-50.454,-21.688],[-50.445,-21.662],[-50.468,-21.607],[-50.52,-21.619],[-50.556,-21.611],[-50.568,-21.64],[-50.61,-21.657]]]},"properties":{"codarea":"3548401"}},{"type":"Feature","geometry":{"type":"Polygon","coordinates":[[[-46.355,-23.971],[-46.306,-23.993],[-46.29,-23.984],[-46.312,-23.928],[-46.297,-23.916],[-46.238,-23.922],[-46.178,-23.889],[-46.2,-23.88],[-46.236,-23.836],[-46.236,-23.8],[-46.202,-23.751],[-46.24,-23.736],[-46.278,-23.77],[-46.32,-23.803],[-46.375,-23.868],[-46.37,-23.914],[-46.386,-23.933],[-46.355,-23.971]]]},"properties":{"codarea":"3548500"}},{"type":"Feature","geometry":{"type":"Polygon","coordinates":[[[-45.805,-22.737],[-45.733,-22.722],[-45.712,-22.77],[-45.676,-22.788],[-45.659,-22.738],[-45.631,-22.731],[-45.58,-22.653],[-45.56,-22.628],[-45.577,-22.602],[-45.618,-22.638],[-45.666,-22.651],[-45.681,-22.636],[-45.66,-22.599],[-45.679,-22.573],[-45.727,-22.587],[-45.73,-22.619],[-45.698,-22.65],[-45.743,-22.659],[-45.788,-22.693],[-45.812,-22.699],[-45.805,-22.737]]]},"properties":{"codarea":"3548609"}},{"type":"Feature","geometry":{"type":"Polygon","coordinates":[[[-46.651,-23.731],[-46.623,-23.786],[-46.633,-23.851],[-46.618,-23.885],[-46.612,-23.968],[-46.565,-23.953],[-46.541,-23.924],[-46.496,-23.9],[-46.41,-23.815],[-46.455,-23.791],[-46.52,-23.735],[-46.517,-23.705],[-46.555,-23.681],[-46.567,-23.65],[-46.583,-23.641],[-46.616,-23.658],[-46.579,-23.69],[-46.62,-23.739],[-46.651,-23.731]]]},"properties":{"codarea":"3548708"}},{"type":"Feature","geometry":{"type":"Polygon","coordinates":[[[-46.548,-23.606],[-46.579,-23.605],[-46.583,-23.641],[-46.567,-23.65],[-46.548,-23.606]]]},"properties":{"codarea":"3548807"}},{"type":"Feature","geometry":{"type":"Polygon","coordinates":[[[-48.045,-22.073],[-47.993,-22.116],[-47.948,-22.111],[-47.9,-22.158],[-47.809,-22.148],[-47.8,-22.128],[-47.789,-22.098],[-47.752,-22.089],[-47.726,-22.041],[-47.721,-22.023],[-47.754,-21.991],[-47.747,-21.953],[-47.756,-21.919],[-47.792,-21.878],[-47.771,-21.831],[-47.775,-21.802],[-47.737,-21.712],[-47.768,-21.692],[-47.812,-21.699],[-47.83,-21.669],[-47.811,-21.648],[-47.818,-21.616],[-47.863,-21.612],[-47.873,-21.639],[-47.91,-21.678],[-47.923,-21.72],[-47.968,-21.742],[-47.947,-21.783],[-47.969,-21.82],[-47.929,-21.845],[-47.924,-21.897],[-47.966,-21.984],[-47.996,-22.03],[-48.047,-22.025],[-48.091,-22.06],[-48.045,-22.073]]]},"properties":{"codarea":"3548906"}},{"type":"Feature","geometry":{"type":"Polygon","coordinates":[[[-50.742,-20.324],[-50.715,-20.34],[-50.704,-20.381],[-50.68,-20.395],[-50.672,-20.438],[-50.613,-20.376],[-50.652,-20.358],[-50.657,-20.327],[-50.734,-20.312],[-50.742,-20.324]]]},"properties":{"codarea":"3549003"}},{"type":"Feature","geometry":{"type":"Polygon","coordinates":[[[-46.65,-22.009],[-46.702,-21.978],[-46.735,-21.93],[-46.732,-21.874],[-46.758,-21.847],[-46.789,-21.839],[-46.862,-21.886],[-46.889,-21.873],[-46.935,-21.922],[-46.917,-21.965],[-46.94,-21.978],[-46.931,-22.011],[-46.903,-22.006],[-46.861,-22.05],[-46.892,-22.086],[-46.843,-22.095],[-46.802,-22.083],[-46.747,-22.092],[-46.719,-22.083],[-46.665,-22.069],[-46.685,-22.037],[-46.65,-22.009]]]},"properties":{"codarea":"3549102"}},{"type":"Feature","geometry":{"type":"Polygon","coordinates":[[[-50.339,-20.338],[-50.39,-20.344],[-50.42,-20.381],[-50.43,-20.412],[-50.446,-20.483],[-50.373,-20.473],[-50.376,-20.452],[-50.322,-20.407],[-50.339,-20.338]]]},"properties":{"codarea":"3549201"}},{"type":"Feature","geometry":{"type":"Polygon","coordinates":[[[-50.449,-20.486],[-50.451,-20.52],[-50.396,-20.568],[-50.315,-20.571],[-50.286,-20.586],[-50.272,-20.522],[-50.285,-20.47],[-50.311,-20.469],[-50.373,-20.473],[-50.446,-20.483],[-50.449,-20.486]]]},"properties":{"codarea":"3549250"}},{"type":"Feature","geometry":{"type":"Polygon","coordinates":[[[-51.682,-21.149],[-51.732,-21.225],[-51.683,-21.284],[-51.682,-21.304],[-51.652,-21.285],[-51.621,-21.19],[-51.64,-21.163],[-51.64,-21.163],[-51.682,-21.149]]]},"properties":{"codarea":"3549300"}},{"type":"Feature","geometry":{"type":"Polygon","coordinates":[[[-47.989,-20.617],[-47.931,-20.587],[-47.929,-20.613],[-47.881,-20.647],[-47.807,-20.613],[-47.788,-20.581],[-47.809,-20.543],[-47.837,-20.535],[-47.881,-20.435],[-47.917,-20.434],[-47.927,-20.465],[-48.008,-20.532],[-48.063,-20.498],[-48.134,-20.494],[-48.084,-20.585],[-48.019,-20.599],[-47.989,-20.617]]]},"properties":{"codarea":"3549409"}},{"type":"Feature","geometry":{"type":"Polygon","coordinates":[[[-47.743,-20.596],[-47.714,-20.626],[-47.639,-20.671],[-47.612,-20.7],[-47.598,-20.693],[-47.553,-20.587],[-47.529,-20.563],[-47.553,-20.513],[-47.575,-20.514],[-47.615,-20.482],[-47.627,-20.48],[-47.645,-20.515],[-47.712,-20.559],[-47.743,-20.596]]]},"properties":{"codarea":"3549508"}},{"type":"Feature","geometry":{"type":"Polygon","coordinates":[[[-44.466,-22.616],[-44.511,-22.64],[-44.546,-22.607],[-44.646,-22.604],[-44.686,-22.641],[-44.672,-22.728],[-44.652,-22.757],[-44.65,-22.798],[-44.67,-22.821],[-44.724,-22.833],[-44.695,-22.89],[-44.63,-22.905],[-44.607,-22.885],[-44.555,-22.888],[-44.495,-22.847],[-44.496,-22.809],[-44.467,-22.782],[-44.508,-22.769],[-44.533,-22.741],[-44.521,-22.716],[-44.474,-22.686],[-44.453,-22.646],[-44.466,-22.616]]]},"properties":{"codarea":"3549607"}},{"type":"Feature","geometry":{"type":"Polygon","coordinates":[[[-46.98,-21.7],[-46.885,-21.697],[-46.872,-21.709],[-46.842,-21.697],[-46.805,-21.66],[-46.777,-21.647],[-46.76,-21.572],[-46.763,-21.548],[-46.812,-21.525],[-46.829,-21.497],[-46.911,-21.485],[-46.932,-21.541],[-46.979,-21.611],[-47.038,-21.623],[-47.029,-21.647],[-46.998,-21.654],[-46.98,-21.7]]]},"properties":{"codarea":"3549706"}},{"type":"Feature","geometry":{"type":"Polygon","coordinates":[[[-49.437,-20.879],[-49.404,-20.907],[-49.346,-20.932],[-49.257,-20.851],[-49.282,-20.771],[-49.267,-20.68],[-49.293,-20.685],[-49.345,-20.663],[-49.352,-20.635],[-49.347,-20.678],[-49.368,-20.723],[-49.412,-20.716],[-49.461,-20.685],[-49.459,-20.732],[-49.443,-20.745],[-49.459,-20.787],[-49.433,-20.853],[-49.437,-20.879]]]},"properties":{"codarea":"3549805"}},{"type":"Feature","geometry":{"type":"Polygon","coordinates":[[[-46.075,-23.181],[-46.02,-23.203],[-45.998,-23.187],[-45.956,-23.204],[-45.966,-23.235],[-45.921,-23.263],[-45.904,-23.295],[-45.847,-23.307],[-45.794,-23.292],[-45.777,-23.264],[-45.721,-23.238],[-45.751,-23.193],[-45.76,-23.129],[-45.784,-23.112],[-45.842,-23.041],[-45.886,-23.017],[-45.932,-23.02],[-45.881,-22.966],[-45.894,-22.942],[-45.864,-22.893],[-45.871,-22.872],[-45.909,-22.83],[-45.956,-22.85],[-46.008,-22.89],[-46.051,-22.897],[-46.041,-22.914],[-46.052,-22.968],[-46.083,-22.985],[-46.066,-22.998],[-46.108,-23.097],[-46.075,-23.181]]]},"properties":{"codarea":"3549904"}},{"type":"Feature","geometry":{"type":"Polygon","coordinates":[[[-47.029,-23.846],[-46.972,-23.888],[-46.951,-23.922],[-46.912,-23.934],[-46.849,-23.863],[-46.886,-23.841],[-46.872,-23.797],[-46.938,-23.777],[-46.989,-23.801],[-47.017,-23.818],[-47.029,-23.846]]]},"properties":{"codarea":"3549953"}},{"type":"Feature","geometry":{"type":"Polygon","coordinates":[[[-45.381,-23.289],[-45.314,-23.326],[-45.274,-23.319],[-45.227,-23.332],[-45.191,-23.315],[-45.204,-23.396],[-45.175,-23.395],[-45.117,-23.355],[-45.068,-23.343],[-45.074,-23.304],[-45.124,-23.317],[-45.101,-23.247],[-45.129,-23.234],[-45.146,-23.188],[-45.187,-23.197],[-45.197,-23.167],[-45.264,-23.127],[-45.28,-23.087],[-45.3,-23.092],[-45.328,-23.085],[-45.355,-23.138],[-45.397,-23.181],[-45.395,-23.201],[-45.425,-23.229],[-45.381,-23.289]]]},"properties":{"codarea":"3550001"}},{"type":"Feature","geometry":{"type":"Polygon","coordinates":[[[-48.567,-22.853],[-48.548,-22.859],[-48.527,-22.807],[-48.501,-22.805],[-48.474,-22.773],[-48.475,-22.727],[-48.446,-22.724],[-48.411,-22.677],[-48.406,-22.623],[-48.365,-22.609],[-48.385,-22.58],[-48.452,-22.539],[-48.49,-22.546],[-48.561,-22.587],[-48.617,-22.574],[-48.645,-22.537],[-48.65,-22.589],[-48.625,-22.612],[-48.608,-22.656],[-48.644,-22.689],[-48.689,-22.694],[-48.698,-22.735],[-48.729,-22.765],[-48.666,-22.788],[-48.613,-22.779],[-48.606,-22.81],[-48.567,-22.853]]]},"properties":{"codarea":"3550100"}},{"type":"Feature","geometry":{"type":"Polygon","coordinates":[[[-48.208,-23.849],[-48.188,-23.857],[-48.167,-23.922],[-48.121,-23.968],[-48.125,-24.014],[-48.085,-24.008],[-48.04,-24.031],[-47.998,-24.074],[-47.98,-24.076],[-47.953,-24.12],[-47.895,-24.079],[-47.815,-23.958],[-47.861,-23.953],[-47.877,-23.922],[-47.866,-23.88],[-47.834,-23.866],[-47.864,-23.813],[-47.866,-23.783],[-47.923,-23.793],[-47.944,-23.754],[-47.997,-23.743],[-48.029,-23.767],[-48.052,-23.756],[-48.095,-23.799],[-48.152,-23.84],[-48.208,-23.849]]]},"properties":{"codarea":"3550209"}},{"type":"Feature","geometry":{"type":"Polygon","coordinates":[[[-46.612,-23.968],[-46.618,-23.885],[-46.633,-23.851],[-46.623,-23.786],[-46.651,-23.731],[-46.616,-23.71],[-46.634,-23.688],[-46.616,-23.658],[-46.583,-23.641],[-46.579,-23.605],[-46.548,-23.606],[-46.486,-23.623],[-46.472,-23.639],[-46.421,-23.644],[-46.395,-23.613],[-46.378,-23.588],[-46.392,-23.53],[-46.366,-23.512],[-46.387,-23.475],[-46.461,-23.483],[-46.511,-23.479],[-46.547,-23.506],[-46.571,-23.459],[-46.567,-23.415],[-46.535,-23.363],[-46.6,-23.388],[-46.634,-23.429],[-46.67,-23.419],[-46.7,-23.422],[-46.736,-23.388],[-46.823,-23.401],[-46.823,-23.422],[-46.801,-23.47],[-46.8,-23.471],[-46.775,-23.464],[-46.76,-23.529],[-46.773,-23.57],[-46.806,-23.584],[-46.808,-23.609],[-46.793,-23.647],[-46.801,-23.685],[-46.796,-23.739],[-46.777,-23.767],[-46.801,-23.81],[-46.763,-23.828],[-46.777,-23.893],[-46.811,-23.921],[-46.807,-23.938],[-46.715,-23.996],[-46.683,-23.982],[-46.65,-24.002],[-46.612,-23.968]]]},"properties":{"codarea":"3550308"}},{"type":"Feature","geometry":{"type":"Polygon","coordinates":[[[-47.803,-22.582],[-47.824,-22.539],[-47.787,-22.474],[-47.793,-22.448],[-47.813,-22.457],[-47.857,-22.431],[-47.916,-22.425],[-48.041,-22.506],[-48.059,-22.513],[-48.071,-22.644],[-47.971,-22.667],[-47.92,-22.669],[-47.88,-22.648],[-47.821,-22.674],[-47.782,-22.598],[-47.803,-22.582]],[[-47.872,-22.607],[-47.888,-22.593],[-47.874,-22.592],[-47.861,-22.603],[-47.872,-22.607]]]},"properties":{"codarea":"3550407"}},{"type":"Feature","geometry":{"type":"Polygon","coordinates":[[[-49.599,-22.665],[-49.631,-22.624],[-49.688,-22.601],[-49.707,-22.619],[-49.736,-22.588],[-49.748,-22.54],[-49.772,-22.501],[-49.818,-22.526],[-49.885,-22.506],[-49.888,-22.526],[-49.891,-22.655],[-49.902,-22.667],[-49.892,-22.699],[-49.848,-22.73],[-49.837,-22.763],[-49.886,-22.814],[-49.884,-22.838],[-49.814,-22.855],[-49.779,-22.877],[-49.772,-22.836],[-49.745,-22.792],[-49.645,-22.76],[-49.607,-22.71],[-49.599,-22.665]]]},"properties":{"codarea":"3550506"}},{"type":"Feature","geometry":{"type":"Polygon","coordinates":[[[-47.205,-23.617],[-47.179,-23.641],[-47.139,-23.639],[-47.081,-23.653],[-47.059,-23.628],[-47.028,-23.581],[-46.992,-23.529],[-46.995,-23.507],[-47.044,-23.516],[-47.067,-23.478],[-47.121,-23.481],[-47.141,-23.448],[-47.138,-23.412],[-47.187,-23.418],[-47.176,-23.445],[-47.187,-23.483],[-47.158,-23.54],[-47.183,-23.602],[-47.205,-23.617]]]},"properties":{"codarea":"3550605"}},{"type":"Feature","geometry":{"type":"Polygon","coordinates":[[[-45.842,-23.758],[-45.792,-23.769],[-45.763,-23.763],[-45.664,-23.779],[-45.624,-23.796],[-45.555,-23.795],[-45.502,-23.841],[-45.465,-23.819],[-45.431,-23.832],[-45.396,-23.808],[-45.397,-23.781],[-45.427,-23.708],[-45.452,-23.725],[-45.507,-23.73],[-45.531,-23.756],[-45.576,-23.726],[-45.664,-23.699],[-45.679,-23.667],[-45.72,-23.649],[-45.742,-23.668],[-45.796,-23.683],[-45.795,-23.716],[-45.842,-23.758]]]},"properties":{"codarea":"3550704"}},{"type":"Feature","geometry":{"type":"Polygon","coordinates":[[[-46.843,-21.759],[-46.772,-21.824],[-46.751,-21.834],[-46.721,-21.821],[-46.691,-21.838],[-46.631,-21.769],[-46.662,-21.751],[-46.691,-21.714],[-46.734,-21.708],[-46.796,-21.686],[-46.805,-21.66],[-46.842,-21.697],[-46.872,-21.709],[-46.843,-21.759]]]},"properties":{"codarea":"3550803"}},{"type":"Feature","geometry":{"type":"Polygon","coordinates":[[[-47.446,-21.584],[-47.427,-21.527],[-47.444,-21.495],[-47.43,-21.45],[-47.38,-21.395],[-47.415,-21.343],[-47.459,-21.367],[-47.49,-21.398],[-47.541,-21.414],[-47.581,-21.368],[-47.631,-21.359],[-47.684,-21.379],[-47.714,-21.415],[-47.83,-21.423],[-47.797,-21.447],[-47.746,-21.458],[-47.661,-21.498],[-47.64,-21.544],[-47.643,-21.592],[-47.571,-21.559],[-47.45,-21.578],[-47.446,-21.584]]]},"properties":{"codarea":"3550902"}},{"type":"Feature","geometry":{"type":"Polygon","coordinates":[[[-46.392,-23.999],[-46.355,-23.971],[-46.386,-23.933],[-46.445,-23.942],[-46.45,-23.919],[-46.496,-23.9],[-46.541,-23.924],[-46.565,-23.953],[-46.612,-23.968],[-46.65,-24.002],[-46.642,-24.01],[-46.593,-23.997],[-46.568,-23.969],[-46.527,-23.946],[-46.509,-23.988],[-46.476,-24.005],[-46.422,-23.978],[-46.392,-23.999]]]},"properties":{"codarea":"3551009"}},{"type":"Feature","geometry":{"type":"Polygon","coordinates":[[[-47.91,-23.606],[-47.885,-23.696],[-47.857,-23.721],[-47.849,-23.75],[-47.79,-23.755],[-47.71,-23.714],[-47.665,-23.743],[-47.635,-23.707],[-47.685,-23.64],[-47.706,-23.629],[-47.764,-23.589],[-47.761,-23.561],[-47.78,-23.532],[-47.81,-23.587],[-47.91,-23.606]]]},"properties":{"codarea":"3551108"}},{"type":"Feature","geometry":{"type":"Polygon","coordinates":[[[-49.538,-23.196],[-49.549,-23.244],[-49.54,-23.281],[-49.521,-23.306],[-49.442,-23.336],[-49.422,-23.312],[-49.422,-23.254],[-49.445,-23.241],[-49.458,-23.192],[-49.512,-23.182],[-49.538,-23.196]]]},"properties":{"codarea":"3551207"}},{"type":"Feature","geometry":{"type":"Polygon","coordinates":[[[-49.983,-20.572],[-49.986,-20.608],[-49.972,-20.658],[-49.948,-20.699],[-49.904,-20.71],[-49.876,-20.669],[-49.828,-20.633],[-49.839,-20.614],[-49.871,-20.591],[-49.923,-20.562],[-49.983,-20.572]]]},"properties":{"codarea":"3551306"}},{"type":"Feature","geometry":{"type":"Polygon","coordinates":[[[-47.631,-21.359],[-47.581,-21.368],[-47.541,-21.414],[-47.49,-21.398],[-47.459,-21.367],[-47.475,-21.299],[-47.504,-21.24],[-47.502,-21.208],[-47.528,-21.201],[-47.591,-21.276],[-47.652,-21.28],[-47.661,-21.303],[-47.631,-21.359]]]},"properties":{"codarea":"3551405"}},{"type":"Feature","geometry":{"type":"Polygon","coordinates":[[[-47.528,-21.201],[-47.583,-21.173],[-47.611,-21.182],[-47.628,-21.148],[-47.647,-21.148],[-47.665,-21.161],[-47.659,-21.196],[-47.661,-21.248],[-47.652,-21.28],[-47.591,-21.276],[-47.528,-21.201]]]},"properties":{"codarea":"3551504"}},{"type":"Feature","geometry":{"type":"Polygon","coordinates":[[[-46.728,-22.655],[-46.679,-22.646],[-46.658,-22.664],[-46.629,-22.654],[-46.602,-22.632],[-46.614,-22.548],[-46.669,-22.542],[-46.68,-22.507],[-46.713,-22.504],[-46.737,-22.547],[-46.798,-22.541],[-46.757,-22.57],[-46.766,-22.604],[-46.728,-22.655]]]},"properties":{"codarea":"3551603"}},{"type":"Feature","geometry":{"type":"Polygon","coordinates":[[[-47.943,-21.2],[-47.917,-21.201],[-47.902,-21.16],[-47.913,-21.119],[-47.883,-21.098],[-47.872,-21.064],[-47.89,-21.032],[-47.945,-21.031],[-47.988,-20.992],[-47.978,-21.026],[-48.008,-21.078],[-48.112,-21.105],[-48.125,-21.089],[-48.154,-21.097],[-48.187,-21.13],[-48.169,-21.161],[-48.113,-21.184],[-48.081,-21.184],[-48.042,-21.203],[-47.989,-21.217],[-47.943,-21.2]]]},"properties":{"codarea":"3551702"}},{"type":"Feature","geometry":{"type":"Polygon","coordinates":[[[-48.013,-24.51],[-47.972,-24.502],[-47.91,-24.469],[-47.869,-24.421],[-47.824,-24.405],[-47.834,-24.371],[-47.8,-24.352],[-47.761,-24.263],[-47.777,-24.204],[-47.773,-24.134],[-47.863,-24.114],[-47.895,-24.079],[-47.953,-24.12],[-47.981,-24.113],[-48.009,-24.135],[-48.049,-24.138],[-48.058,-24.177],[-48.106,-24.201],[-48.139,-24.194],[-48.104,-24.281],[-48.117,-24.319],[-48.065,-24.325],[-48.014,-24.378],[-48.007,-24.452],[-48.013,-24.51]]]},"properties":{"codarea":"3551801"}},{"type":"Feature","geometry":{"type":"Polygon","coordinates":[[[-48.792,-20.725],[-48.821,-20.772],[-48.842,-20.772],[-48.892,-20.824],[-48.843,-20.843],[-48.797,-20.836],[-48.745,-20.84],[-48.719,-20.813],[-48.726,-20.766],[-48.754,-20.743],[-48.792,-20.725]]]},"properties":{"codarea":"3551900"}},{"type":"Feature","geometry":{"type":"Polygon","coordinates":[[[-44.91,-22.886],[-44.806,-22.857],[-44.754,-22.789],[-44.746,-22.77],[-44.773,-22.705],[-44.761,-22.648],[-44.779,-22.606],[-44.817,-22.614],[-44.85,-22.602],[-44.874,-22.622],[-44.906,-22.612],[-44.903,-22.639],[-44.928,-22.655],[-44.913,-22.74],[-44.921,-22.751],[-44.895,-22.845],[-44.91,-22.886]]]},"properties":{"codarea":"3552007"}},{"type":"Feature","geometry":{"type":"Polygon","coordinates":[[[-46.622,-22.723],[-46.537,-22.721],[-46.507,-22.728],[-46.473,-22.705],[-46.469,-22.673],[-46.393,-22.663],[-46.424,-22.599],[-46.415,-22.558],[-46.456,-22.522],[-46.542,-22.494],[-46.55,-22.47],[-46.599,-22.515],[-46.614,-22.548],[-46.602,-22.632],[-46.629,-22.654],[-46.622,-22.723]]]},"properties":{"codarea":"3552106"}},{"type":"Feature","geometry":{"type":"Polygon","coordinates":[[[-47.307,-23.561],[-47.303,-23.524],[-47.324,-23.514],[-47.317,-23.463],[-47.326,-23.44],[-47.34,-23.437],[-47.418,-23.358],[-47.504,-23.36],[-47.565,-23.383],[-47.535,-23.429],[-47.565,-23.468],[-47.552,-23.488],[-47.556,-23.573],[-47.492,-23.584],[-47.503,-23.536],[-47.429,-23.522],[-47.365,-23.524],[-47.354,-23.561],[-47.307,-23.561]]]},"properties":{"codarea":"3552205"}},{"type":"Feature","geometry":{"type":"Polygon","coordinates":[[[-50.978,-20.565],[-50.996,-20.611],[-50.991,-20.648],[-51.058,-20.726],[-51.001,-20.768],[-50.915,-20.796],[-50.873,-20.827],[-50.851,-20.803],[-50.814,-20.734],[-50.8,-20.671],[-50.802,-20.602],[-50.764,-20.621],[-50.769,-20.545],[-50.812,-20.531],[-50.873,-20.542],[-50.966,-20.549],[-50.978,-20.565]]]},"properties":{"codarea":"3552304"}},{"type":"Feature","geometry":{"type":"Polygon","coordinates":[[[-47.164,-22.805],[-47.211,-22.795],[-47.283,-22.801],[-47.304,-22.822],[-47.358,-22.817],[-47.369,-22.845],[-47.342,-22.86],[-47.329,-22.892],[-47.275,-22.907],[-47.258,-22.899],[-47.228,-22.827],[-47.189,-22.858],[-47.158,-22.861],[-47.164,-22.805]]]},"properties":{"codarea":"3552403"}},{"type":"Feature","geometry":{"type":"Polygon","coordinates":[[[-46.322,-23.744],[-46.298,-23.705],[-46.267,-23.686],[-46.254,-23.65],[-46.259,-23.612],[-46.285,-23.566],[-46.262,-23.524],[-46.288,-23.49],[-46.33,-23.506],[-46.35,-23.573],[-46.383,-23.618],[-46.339,-23.678],[-46.331,-23.709],[-46.328,-23.728],[-46.322,-23.744]]]},"properties":{"codarea":"3552502"}},{"type":"Feature","geometry":{"type":"Polygon","coordinates":[[[-51.039,-20.371],[-51.157,-20.435],[-51.204,-20.44],[-51.231,-20.457],[-51.203,-20.489],[-51.149,-20.52],[-51.068,-20.555],[-51.033,-20.559],[-50.986,-20.549],[-50.978,-20.565],[-50.966,-20.549],[-50.982,-20.497],[-50.991,-20.432],[-51.039,-20.371]]]},"properties":{"codarea":"3552551"}},{"type":"Feature","geometry":{"type":"Polygon","coordinates":[[[-49.111,-21.027],[-49.046,-21.002],[-48.981,-21.025],[-48.964,-21.053],[-48.94,-21.06],[-48.961,-21.031],[-48.96,-20.944],[-48.909,-20.915],[-48.907,-20.892],[-48.949,-20.869],[-48.984,-20.849],[-49.022,-20.851],[-49.079,-20.812],[-49.101,-20.859],[-49.109,-20.939],[-49.133,-20.969],[-49.111,-21.027]]]},"properties":{"codarea":"3552601"}},{"type":"Feature","geometry":{"type":"Polygon","coordinates":[[[-48.727,-21.687],[-48.741,-21.697],[-48.741,-21.776],[-48.705,-21.831],[-48.67,-21.832],[-48.648,-21.818],[-48.63,-21.774],[-48.553,-21.743],[-48.526,-21.716],[-48.479,-21.708],[-48.502,-21.697],[-48.512,-21.623],[-48.584,-21.628],[-48.624,-21.617],[-48.677,-21.628],[-48.677,-21.684],[-48.727,-21.687]]]},"properties":{"codarea":"3552700"}},{"type":"Feature","geometry":{"type":"Polygon","coordinates":[[[-46.793,-23.647],[-46.808,-23.609],[-46.81,-23.61],[-46.793,-23.647]]]},"properties":{"codarea":"3552809"}},{"type":"Feature","geometry":{"type":"Polygon","coordinates":[[[-51.219,-22.355],[-51.257,-22.332],[-51.352,-22.324],[-51.349,-22.349],[-51.393,-22.41],[-51.413,-22.473],[-51.453,-22.516],[-51.458,-22.569],[-51.446,-22.653],[-51.402,-22.668],[-51.374,-22.658],[-51.333,-22.667],[-51.298,-22.674],[-51.282,-22.643],[-51.284,-22.589],[-51.271,-22.545],[-51.272,-22.511],[-51.234,-22.41],[-51.219,-22.355]]]},"properties":{"codarea":"3552908"}},{"type":"Feature","geometry":{"type":"Polygon","coordinates":[[[-49.331,-23.525],[-49.349,-23.514],[-49.323,-23.469],[-49.361,-23.435],[-49.395,-23.395],[-49.448,-23.421],[-49.452,-23.474],[-49.44,-23.489],[-49.476,-23.541],[-49.453,-23.528],[-49.402,-23.537],[-49.331,-23.525]]]},"properties":{"codarea":"3553005"}},{"type":"Feature","geometry":{"type":"Polygon","coordinates":[[[-48.581,-21.166],[-48.536,-21.186],[-48.477,-21.179],[-48.481,-21.109],[-48.492,-21.081],[-48.532,-21.09],[-48.568,-21.076],[-48.598,-21.143],[-48.581,-21.166]]]},"properties":{"codarea":"3553104"}},{"type":"Feature","geometry":{"type":"Polygon","coordinates":[[[-48.477,-21.179],[-48.45,-21.211],[-48.422,-21.173],[-48.386,-21.169],[-48.347,-21.128],[-48.354,-21.082],[-48.384,-21.098],[-48.431,-21.095],[-48.458,-21.078],[-48.492,-21.081],[-48.481,-21.109],[-48.477,-21.179]]]},"properties":{"codarea":"3553203"}},{"type":"Feature","geometry":{"type":"Polygon","coordinates":[[[-47.399,-21.614],[-47.372,-21.65],[-47.329,-21.645],[-47.338,-21.681],[-47.293,-21.752],[-47.241,-21.758],[-47.23,-21.732],[-47.165,-21.666],[-47.147,-21.623],[-47.097,-21.568],[-47.103,-21.539],[-47.131,-21.494],[-47.199,-21.491],[-47.241,-21.443],[-47.264,-21.451],[-47.279,-21.468],[-47.278,-21.528],[-47.306,-21.551],[-47.357,-21.57],[-47.364,-21.593],[-47.399,-21.614]]]},"properties":{"codarea":"3553302"}},{"type":"Feature","geometry":{"type":"Polygon","coordinates":[[[-49.839,-20.614],[-49.791,-20.593],[-49.775,-20.616],[-49.709,-20.637],[-49.649,-20.69],[-49.605,-20.707],[-49.58,-20.662],[-49.544,-20.617],[-49.531,-20.534],[-49.497,-20.497],[-49.525,-20.48],[-49.575,-20.351],[-49.617,-20.323],[-49.663,-20.362],[-49.681,-20.393],[-49.681,-20.429],[-49.705,-20.487],[-49.751,-20.528],[-49.79,-20.528],[-49.839,-20.574],[-49.871,-20.591],[-49.839,-20.614]]]},"properties":{"codarea":"3553401"}},{"type":"Feature","geometry":{"type":"Polygon","coordinates":[[[-47.389,-23.983],[-47.425,-23.945],[-47.44,-23.901],[-47.51,-23.892],[-47.542,-23.867],[-47.574,-23.863],[-47.602,-23.866],[-47.601,-23.908],[-47.684,-23.992],[-47.726,-24.002],[-47.779,-23.989],[-47.815,-23.958],[-47.895,-24.079],[-47.863,-24.114],[-47.773,-24.134],[-47.68,-24.045],[-47.614,-24.045],[-47.636,-24.101],[-47.584,-24.076],[-47.563,-24.04],[-47.499,-24.053],[-47.477,-24.081],[-47.452,-24.052],[-47.426,-24.069],[-47.373,-24.045],[-47.355,-24.022],[-47.389,-23.983]]]},"properties":{"codarea":"3553500"}},{"type":"Feature","geometry":{"type":"Polygon","coordinates":[[[-46.648,-21.38],[-46.675,-21.375],[-46.739,-21.393],[-46.765,-21.36],[-46.782,-21.371],[-46.774,-21.415],[-46.806,-21.427],[-46.829,-21.497],[-46.812,-21.525],[-46.763,-21.548],[-46.702,-21.506],[-46.721,-21.474],[-46.706,-21.447],[-46.677,-21.434],[-46.616,-21.43],[-46.648,-21.38]]]},"properties":{"codarea":"3553609"}},{"type":"Feature","geometry":{"type":"Polygon","coordinates":[[[-48.318,-21.061],[-48.371,-21.058],[-48.433,-21.037],[-48.458,-21.078],[-48.431,-21.095],[-48.384,-21.098],[-48.354,-21.082],[-48.318,-21.061]]]},"properties":{"codarea":"3553658"}},{"type":"Feature","geometry":{"type":"Polygon","coordinates":[[[-48.464,-21.49],[-48.428,-21.435],[-48.336,-21.385],[-48.312,-21.361],[-48.352,-21.321],[-48.427,-21.319],[-48.451,-21.347],[-48.485,-21.334],[-48.545,-21.352],[-48.577,-21.34],[-48.61,-21.394],[-48.653,-21.365],[-48.685,-21.383],[-48.726,-21.42],[-48.706,-21.49],[-48.663,-21.491],[-48.655,-21.544],[-48.629,-21.559],[-48.596,-21.514],[-48.562,-21.532],[-48.471,-21.513],[-48.464,-21.49]]]},"properties":{"codarea":"3553708"}},{"type":"Feature","geometry":{"type":"Polygon","coordinates":[[[-49.331,-23.525],[-49.338,-23.551],[-49.258,-23.612],[-49.245,-23.655],[-49.223,-23.667],[-49.191,-23.652],[-49.136,-23.662],[-49.122,-23.646],[-49.127,-23.581],[-49.118,-23.56],[-49.161,-23.543],[-49.162,-23.486],[-49.213,-23.418],[-49.258,-23.408],[-49.292,-23.417],[-49.317,-23.401],[-49.361,-23.435],[-49.323,-23.469],[-49.349,-23.514],[-49.331,-23.525]]]},"properties":{"codarea":"3553807"}},{"type":"Feature","geometry":{"type":"Polygon","coordinates":[[[-48.734,-23.854],[-48.784,-23.862],[-48.767,-23.898],[-48.779,-23.953],[-48.763,-23.985],[-48.715,-23.969],[-48.691,-24.022],[-48.628,-24.023],[-48.582,-23.983],[-48.552,-23.935],[-48.632,-23.936],[-48.666,-23.923],[-48.664,-23.9],[-48.716,-23.851],[-48.734,-23.854]]]},"properties":{"codarea":"3553856"}},{"type":"Feature","geometry":{"type":"Polygon","coordinates":[[[-51.571,-22.399],[-51.534,-22.293],[-51.6,-22.281],[-51.621,-22.285],[-51.712,-22.352],[-51.711,-22.392],[-51.681,-22.434],[-51.657,-22.443],[-51.59,-22.399],[-51.571,-22.399]]]},"properties":{"codarea":"3553906"}},{"type":"Feature","geometry":{"type":"Polygon","coordinates":[[[-50.706,-22.773],[-50.645,-22.839],[-50.605,-22.873],[-50.552,-22.841],[-50.524,-22.833],[-50.521,-22.782],[-50.503,-22.736],[-50.508,-22.703],[-50.535,-22.709],[-50.572,-22.692],[-50.585,-22.674],[-50.652,-22.685],[-50.702,-22.738],[-50.706,-22.773]]]},"properties":{"codarea":"3553955"}},{"type":"Feature","geometry":{"type":"Polygon","coordinates":[[[-48.049,-23.424],[-48.0,-23.431],[-47.95,-23.409],[-47.923,-23.462],[-47.87,-23.445],[-47.807,-23.489],[-47.758,-23.399],[-47.726,-23.386],[-47.737,-23.331],[-47.762,-23.321],[-47.772,-23.252],[-47.815,-23.228],[-47.851,-23.238],[-47.876,-23.262],[-47.95,-23.279],[-47.959,-23.327],[-47.988,-23.363],[-48.03,-23.383],[-48.083,-23.373],[-48.054,-23.389],[-48.049,-23.424]]]},"properties":{"codarea":"3554003"}},{"type":"Feature","geometry":{"type":"Polygon","coordinates":[[[-45.725,-22.969],[-45.713,-23.008],[-45.663,-23.034],[-45.631,-23.081],[-45.629,-23.116],[-45.594,-23.134],[-45.609,-23.163],[-45.568,-23.16],[-45.522,-23.176],[-45.504,-23.219],[-45.467,-23.225],[-45.397,-23.181],[-45.355,-23.138],[-45.328,-23.085],[-45.3,-23.092],[-45.312,-23.059],[-45.294,-23.027],[-45.307,-23.025],[-45.34,-23.03],[-45.354,-23.007],[-45.439,-23.072],[-45.494,-23.015],[-45.504,-22.979],[-45.546,-22.999],[-45.57,-22.987],[-45.634,-23.001],[-45.705,-22.948],[-45.725,-22.969]]]},"properties":{"codarea":"3554102"}},{"type":"Feature","geometry":{"type":"Polygon","coordinates":[[[-49.217,-23.299],[-49.252,-23.271],[-49.303,-23.28],[-49.324,-23.264],[-49.383,-23.265],[-49.403,-23.33],[-49.418,-23.337],[-49.395,-23.358],[-49.395,-23.395],[-49.361,-23.435],[-49.317,-23.401],[-49.292,-23.417],[-49.258,-23.408],[-49.213,-23.418],[-49.217,-23.299]]]},"properties":{"codarea":"3554201"}},{"type":"Feature","geometry":{"type":"Polygon","coordinates":[[[-52.655,-22.303],[-52.645,-22.382],[-52.612,-22.402],[-52.58,-22.412],[-52.555,-22.392],[-52.512,-22.388],[-52.486,-22.411],[-52.46,-22.508],[-52.446,-22.608],[-52.421,-22.611],[-52.38,-22.627],[-52.3,-22.635],[-52.29,-22.628],[-52.25,-22.615],[-52.228,-22.642],[-52.223,-22.675],[-52.183,-22.655],[-52.157,-22.645],[-52.152,-22.569],[-52.136,-22.527],[-52.183,-22.477],[-52.227,-22.375],[-52.229,-22.333],[-52.209,-22.286],[-52.239,-22.291],[-52.285,-22.273],[-52.321,-22.239],[-52.456,-22.185],[-52.488,-22.217],[-52.587,-22.257],[-52.655,-22.303]]]},"properties":{"codarea":"3554300"}},{"type":"Feature","geometry":{"type":"Polygon","coordinates":[[[-48.255,-20.806],[-48.243,-20.777],[-48.261,-20.738],[-48.297,-20.72],[-48.32,-20.726],[-48.338,-20.695],[-48.42,-20.75],[-48.437,-20.753],[-48.448,-20.788],[-48.409,-20.854],[-48.359,-20.82],[-48.343,-20.833],[-48.295,-20.833],[-48.255,-20.806]]]},"properties":{"codarea":"3554409"}},{"type":"Feature","geometry":{"type":"Polygon","coordinates":[[[-47.751,-23.122],[-47.714,-23.141],[-47.684,-23.195],[-47.704,-23.216],[-47.681,-23.22],[-47.63,-23.192],[-47.612,-23.151],[-47.629,-23.125],[-47.609,-23.099],[-47.629,-23.044],[-47.66,-23.031],[-47.66,-22.997],[-47.701,-22.919],[-47.712,-22.912],[-47.746,-22.933],[-47.763,-22.904],[-47.807,-22.877],[-47.809,-22.878],[-47.827,-22.942],[-47.806,-22.983],[-47.773,-22.976],[-47.757,-22.998],[-47.792,-23.049],[-47.75,-23.092],[-47.751,-23.122]]]},"properties":{"codarea":"3554508"}},{"type":"Feature","geometry":{"type":"Polygon","coordinates":[[[-49.538,-23.196],[-49.552,-23.153],[-49.573,-23.139],[-49.593,-23.146],[-49.666,-23.113],[-49.717,-23.148],[-49.678,-23.175],[-49.654,-23.212],[-49.627,-23.282],[-49.56,-23.259],[-49.54,-23.281],[-49.549,-23.244],[-49.538,-23.196]]]},"properties":{"codarea":"3554607"}},{"type":"Feature","geometry":{"type":"Polygon","coordinates":[[[-48.155,-23.262],[-48.174,-23.232],[-48.225,-23.196],[-48.261,-23.23],[-48.241,-23.28],[-48.195,-23.295],[-48.155,-23.262]]]},"properties":{"codarea":"3554656"}},{"type":"Feature","geometry":{"type":"Polygon","coordinates":[[[-48.041,-22.506],[-48.063,-22.412],[-48.111,-22.375],[-48.155,-22.362],[-48.239,-22.367],[-48.279,-22.427],[-48.243,-22.479],[-48.279,-22.498],[-48.272,-22.529],[-48.235,-22.52],[-48.199,-22.509],[-48.173,-22.476],[-48.104,-22.509],[-48.059,-22.513],[-48.041,-22.506]]]},"properties":{"codarea":"3554706"}},{"type":"Feature","geometry":{"type":"Polygon","coordinates":[[[-48.291,-21.99],[-48.322,-21.989],[-48.349,-22.009],[-48.414,-22.035],[-48.441,-22.061],[-48.395,-22.043],[-48.348,-22.047],[-48.323,-22.078],[-48.299,-22.064],[-48.307,-22.031],[-48.291,-21.99]]]},"properties":{"codarea":"3554755"}},{"type":"Feature","geometry":{"type":"Polygon","coordinates":[[[-45.504,-22.979],[-45.524,-22.93],[-45.553,-22.899],[-45.631,-22.875],[-45.666,-22.882],[-45.675,-22.928],[-45.705,-22.948],[-45.634,-23.001],[-45.57,-22.987],[-45.546,-22.999],[-45.504,-22.979]]]},"properties":{"codarea":"3554805"}},{"type":"Feature","geometry":{"type":"Polygon","coordinates":[[[-50.933,-20.311],[-50.88,-20.318],[-50.854,-20.386],[-50.823,-20.374],[-50.827,-20.331],[-50.858,-20.313],[-50.837,-20.283],[-50.823,-20.217],[-50.865,-20.166],[-50.906,-20.224],[-50.938,-20.289],[-50.933,-20.311]]]},"properties":{"codarea":"3554904"}},{"type":"Feature","geometry":{"type":"Polygon","coordinates":[[[-46.624,-22.833],[-46.623,-22.806],[-46.661,-22.769],[-46.708,-22.779],[-46.761,-22.848],[-46.682,-22.885],[-46.648,-22.884],[-46.624,-22.833]]]},"properties":{"codarea":"3554953"}},{"type":"Feature","geometry":{"type":"Polygon","coordinates":[[[-50.484,-22.081],[-50.498,-22.014],[-50.439,-21.987],[-50.415,-21.964],[-50.405,-21.86],[-50.361,-21.856],[-50.362,-21.828],[-50.426,-21.804],[-50.495,-21.849],[-50.54,-21.815],[-50.599,-21.844],[-50.622,-21.917],[-50.665,-21.935],[-50.71,-22.015],[-50.705,-22.022],[-50.655,-22.035],[-50.547,-22.087],[-50.521,-22.111],[-50.484,-22.081]]]},"properties":{"codarea":"3555000"}},{"type":"Feature","geometry":{"type":"Polygon","coordinates":[[[-51.669,-21.433],[-51.644,-21.443],[-51.584,-21.44],[-51.544,-21.454],[-51.485,-21.428],[-51.498,-21.312],[-51.507,-21.332],[-51.61,-21.341],[-51.616,-21.327],[-51.626,-21.355],[-51.676,-21.347],[-51.723,-21.395],[-51.669,-21.433]]]},"properties":{"codarea":"3555109"}},{"type":"Feature","geometry":{"type":"Polygon","coordinates":[[[-50.18,-20.982],[-50.157,-20.978],[-50.096,-21.002],[-50.055,-20.997],[-50.033,-20.978],[-50.022,-20.944],[-50.051,-20.931],[-50.092,-20.887],[-50.164,-20.875],[-50.181,-20.901],[-50.18,-20.982]]]},"properties":{"codarea":"3555208"}},{"type":"Feature","geometry":{"type":"Polygon","coordinates":[[[-50.519,-20.036],[-50.519,-20.067],[-50.481,-20.154],[-50.451,-20.159],[-50.414,-20.144],[-50.394,-20.104],[-50.423,-20.055],[-50.433,-19.984],[-50.466,-20.022],[-50.518,-20.029],[-50.519,-20.036]]]},"properties":{"codarea":"3555307"}},{"type":"Feature","geometry":{"type":"Polygon","coordinates":[[[-49.661,-21.161],[-49.66,-21.135],[-49.736,-21.135],[-49.764,-21.154],[-49.789,-21.209],[-49.811,-21.203],[-49.828,-21.242],[-49.856,-21.26],[-49.832,-21.275],[-49.769,-21.306],[-49.746,-21.297],[-49.711,-21.288],[-49.726,-21.256],[-49.681,-21.223],[-49.684,-21.204],[-49.661,-21.161]]]},"properties":{"codarea":"3555356"}},{"type":"Feature","geometry":{"type":"Polygon","coordinates":[[[-45.277,-23.578],[-45.244,-23.594],[-45.212,-23.566],[-45.219,-23.529],[-45.159,-23.538],[-45.174,-23.496],[-45.072,-23.497],[-45.054,-23.417],[-45.015,-23.419],[-44.977,-23.4],[-44.942,-23.357],[-44.906,-23.334],[-44.837,-23.37],[-44.84,-23.388],[-44.751,-23.366],[-44.724,-23.368],[-44.778,-23.338],[-44.787,-23.299],[-44.825,-23.292],[-44.828,-23.271],[-44.889,-23.227],[-44.883,-23.203],[-44.932,-23.209],[-44.957,-23.242],[-44.984,-23.23],[-45.014,-23.264],[-45.01,-23.306],[-45.074,-23.304],[-45.068,-23.343],[-45.117,-23.355],[-45.175,-23.395],[-45.176,-23.439],[-45.273,-23.483],[-45.277,-23.578]]]},"properties":{"codarea":"3555406"}},{"type":"Feature","geometry":{"type":"Polygon","coordinates":[[[-49.772,-22.501],[-49.748,-22.54],[-49.736,-22.588],[-49.707,-22.619],[-49.688,-22.601],[-49.631,-22.624],[-49.599,-22.665],[-49.585,-22.606],[-49.566,-22.575],[-49.607,-22.536],[-49.608,-22.497],[-49.629,-22.469],[-49.651,-22.44],[-49.684,-22.466],[-49.704,-22.439],[-49.772,-22.501]]]},"properties":{"codarea":"3555505"}},{"type":"Feature","geometry":{"type":"Polygon","coordinates":[[[-49.258,-20.959],[-49.213,-20.985],[-49.173,-21.052],[-49.131,-21.07],[-49.111,-21.027],[-49.133,-20.969],[-49.109,-20.939],[-49.101,-20.859],[-49.079,-20.812],[-49.099,-20.783],[-49.142,-20.825],[-49.149,-20.848],[-49.184,-20.875],[-49.197,-20.907],[-49.248,-20.917],[-49.258,-20.959]]]},"properties":{"codarea":"3555604"}},{"type":"Feature","geometry":{"type":"Polygon","coordinates":[[[-49.834,-20.849],[-49.882,-20.845],[-49.907,-20.86],[-49.957,-20.907],[-49.923,-20.92],[-49.882,-20.917],[-49.851,-20.932],[-49.834,-20.849]]]},"properties":{"codarea":"3555703"}},{"type":"Feature","geometry":{"type":"Polygon","coordinates":[[[-50.663,-20.061],[-50.704,-20.13],[-50.682,-20.157],[-50.683,-20.193],[-50.671,-20.254],[-50.701,-20.272],[-50.734,-20.312],[-50.657,-20.327],[-50.619,-20.275],[-50.592,-20.262],[-50.612,-20.192],[-50.611,-20.131],[-50.661,-20.087],[-50.663,-20.061]]]},"properties":{"codarea":"3555802"}},{"type":"Feature","geometry":{"type":"Polygon","coordinates":[[[-49.273,-21.659],[-49.319,-21.703],[-49.321,-21.778],[-49.366,-21.82],[-49.391,-21.831],[-49.34,-21.838],[-49.285,-21.86],[-49.259,-21.816],[-49.267,-21.783],[-49.263,-21.727],[-49.242,-21.71],[-49.239,-21.671],[-49.273,-21.659]]]},"properties":{"codarea":"3555901"}},{"type":"Feature","geometry":{"type":"Polygon","coordinates":[[[-49.229,-21.315],[-49.221,-21.293],[-49.145,-21.216],[-49.145,-21.187],[-49.153,-21.185],[-49.185,-21.145],[-49.227,-21.125],[-49.255,-21.135],[-49.316,-21.127],[-49.342,-21.154],[-49.377,-21.157],[-49.397,-21.18],[-49.363,-21.24],[-49.334,-21.236],[-49.291,-21.268],[-49.285,-21.289],[-49.229,-21.315]]]},"properties":{"codarea":"3556008"}},{"type":"Feature","geometry":{"type":"Polygon","coordinates":[[[-50.154,-20.505],[-50.131,-20.479],[-50.054,-20.451],[-50.032,-20.425],[-50.053,-20.336],[-50.078,-20.305],[-50.081,-20.31],[-50.092,-20.375],[-50.139,-20.387],[-50.136,-20.424],[-50.203,-20.481],[-50.154,-20.505]]]},"properties":{"codarea":"3556107"}},{"type":"Feature","geometry":{"type":"Polygon","coordinates":[[[-46.879,-22.927],[-46.94,-22.928],[-46.982,-22.904],[-47.029,-22.97],[-47.064,-22.992],[-47.072,-23.023],[-47.049,-23.051],[-47.038,-23.057],[-47.001,-23.006],[-46.91,-23.017],[-46.926,-22.974],[-46.879,-22.927]]]},"properties":{"codarea":"3556206"}},{"type":"Feature","geometry":{"type":"Polygon","coordinates":[[[-50.85,-20.936],[-50.876,-20.945],[-50.875,-20.978],[-50.914,-21.043],[-50.928,-21.106],[-50.948,-21.131],[-50.95,-21.171],[-51.004,-21.192],[-51.054,-21.229],[-51.092,-21.308],[-51.145,-21.374],[-51.1,-21.37],[-51.059,-21.399],[-50.993,-21.437],[-50.985,-21.433],[-50.985,-21.407],[-50.951,-21.36],[-50.946,-21.323],[-50.903,-21.339],[-50.838,-21.236],[-50.804,-21.23],[-50.795,-21.187],[-50.756,-21.136],[-50.746,-21.095],[-50.802,-21.06],[-50.797,-20.985],[-50.798,-20.963],[-50.85,-20.936]]]},"properties":{"codarea":"3556305"}},{"type":"Feature","geometry":{"type":"Polygon","coordinates":[[[-46.443,-22.825],[-46.479,-22.879],[-46.466,-22.913],[-46.411,-22.981],[-46.398,-22.969],[-46.396,-22.945],[-46.345,-22.905],[-46.376,-22.877],[-46.374,-22.82],[-46.404,-22.807],[-46.443,-22.825]]]},"properties":{"codarea":"3556354"}},{"type":"Feature","geometry":{"type":"Polygon","coordinates":[[[-46.94,-21.978],[-46.917,-21.965],[-46.935,-21.922],[-46.889,-21.873],[-46.862,-21.886],[-46.789,-21.839],[-46.758,-21.847],[-46.751,-21.834],[-46.772,-21.824],[-46.843,-21.759],[-46.854,-21.779],[-46.895,-21.785],[-46.923,-21.814],[-46.963,-21.817],[-46.988,-21.848],[-47.004,-21.918],[-46.982,-21.968],[-46.94,-21.978]]]},"properties":{"codarea":"3556404"}},{"type":"Feature","geometry":{"type":"Polygon","coordinates":[[[-47.059,-23.628],[-46.988,-23.665],[-46.981,-23.602],[-47.028,-23.581],[-47.059,-23.628]]]},"properties":{"codarea":"3556453"}},{"type":"Feature","geometry":{"type":"Polygon","coordinates":[[[-46.799,-23.188],[-46.825,-23.182],[-46.854,-23.201],[-46.849,-23.239],[-46.807,-23.255],[-46.799,-23.188]]]},"properties":{"codarea":"3556503"}},{"type":"Feature","geometry":{"type":"Polygon","coordinates":[[[-49.855,-22.357],[-49.845,-22.322],[-49.8,-22.298],[-49.743,-22.293],[-49.757,-22.252],[-49.75,-22.203],[-49.798,-22.177],[-49.825,-22.113],[-49.849,-22.097],[-49.864,-22.132],[-49.891,-22.143],[-49.863,-22.214],[-49.861,-22.263],[-49.913,-22.336],[-49.855,-22.357]]]},"properties":{"codarea":"3556602"}},{"type":"Feature","geometry":{"type":"Polygon","coordinates":[[[-46.995,-23.116],[-46.977,-23.066],[-46.943,-23.067],[-46.916,-23.046],[-46.91,-23.017],[-47.001,-23.006],[-47.038,-23.057],[-46.995,-23.116]]]},"properties":{"codarea":"3556701"}},{"type":"Feature","geometry":{"type":"Polygon","coordinates":[[[-48.255,-20.806],[-48.295,-20.833],[-48.343,-20.833],[-48.359,-20.82],[-48.409,-20.854],[-48.378,-20.905],[-48.367,-20.949],[-48.286,-20.953],[-48.208,-20.875],[-48.24,-20.851],[-48.255,-20.806]]]},"properties":{"codarea":"3556800"}},{"type":"Feature","geometry":{"type":"Polygon","coordinates":[[[-48.707,-21.207],[-48.652,-21.211],[-48.626,-21.196],[-48.585,-21.213],[-48.581,-21.166],[-48.598,-21.143],[-48.64,-21.139],[-48.729,-21.165],[-48.707,-21.207]]]},"properties":{"codarea":"3556909"}},{"type":"Feature","geometry":{"type":"Polygon","coordinates":[[[-50.451,-20.159],[-50.481,-20.154],[-50.52,-20.176],[-50.516,-20.216],[-50.487,-20.245],[-50.466,-20.237],[-50.466,-20.196],[-50.451,-20.159]]]},"properties":{"codarea":"3556958"}},{"type":"Feature","geometry":{"type":"Polygon","coordinates":[[[-47.307,-23.561],[-47.354,-23.561],[-47.365,-23.524],[-47.429,-23.522],[-47.503,-23.536],[-47.492,-23.584],[-47.467,-23.625],[-47.494,-23.65],[-47.454,-23.625],[-47.404,-23.621],[-47.368,-23.634],[-47.337,-23.612],[-47.297,-23.604],[-47.307,-23.561]]]},"properties":{"codarea":"3557006"}},{"type":"Feature","geometry":{"type":"Polygon","coordinates":[[[-50.12,-20.522],[-50.071,-20.541],[-50.017,-20.539],[-49.983,-20.572],[-49.923,-20.562],[-49.92,-20.509],[-49.895,-20.478],[-49.856,-20.464],[-49.852,-20.417],[-49.892,-20.396],[-49.938,-20.391],[-49.952,-20.36],[-50.008,-20.332],[-50.053,-20.336],[-50.032,-20.425],[-50.054,-20.451],[-50.131,-20.479],[-50.154,-20.505],[-50.138,-20.521],[-50.12,-20.522]]]},"properties":{"codarea":"3557105"}},{"type":"Feature","geometry":{"type":"Polygon","coordinates":[[[-49.96,-21.133],[-49.981,-21.088],[-49.985,-21.046],[-50.055,-20.997],[-50.109,-21.073],[-50.11,-21.103],[-50.151,-21.14],[-50.129,-21.195],[-50.091,-21.22],[-50.027,-21.211],[-49.992,-21.227],[-49.96,-21.133]]]},"properties":{"codarea":"3557154"}},{"type":"Feature","geometry":{"type":"Polygon","coordinates":[[[-49.809,-23.089],[-49.789,-23.103],[-49.726,-23.109],[-49.717,-23.148],[-49.666,-23.113],[-49.679,-23.084],[-49.677,-23.009],[-49.686,-22.949],[-49.757,-22.971],[-49.747,-22.992],[-49.77,-23.033],[-49.819,-23.077],[-49.809,-23.089]]]},"properties":{"codarea":"3557204"}},{"type":"Feature","geometry":{"type":"Polygon","coordinates":[[[-46.897,-22.205],[-46.927,-22.185],[-46.984,-22.2],[-46.97,-22.295],[-46.957,-22.296],[-46.9,-22.246],[-46.897,-22.205]]]},"properties":{"codarea":"3557303"}}]}